"","poll_average","state","party","economic_factors","voter_turnout"
"1",47.1899414202198,"Iowa","Republican",-0.131657679572267,54.4745426871814
"2",42.4021338811144,"Colorado","Democrat",0.260894836764068,56.1402940592663
"3",49.675768930465,"Maryland","Democrat",-0.860269417758589,64.4775635521355
"4",46.3172934530303,"Indiana","Democrat",0.497309885869272,60.3242035140984
"5",40.7472277013585,"South Carolina","Republican",0.209620278176013,56.8920418454287
"6",48.0776843894273,"Virginia","Republican",0.470354515966196,71.3992143767014
"7",42.616827134043,"Illinois","Other",2.21700427966394,62.5894792575301
"8",44.8525181226432,"Michigan","Democrat",1.1137334104621,58.9589991178199
"9",43.1596509646624,"Rhode Island","Democrat",-1.32933394709694,55.681663656288
"10",43.7754864804447,"Connecticut","Democrat",0.462001145879315,58.1088746993401
"11",59.2438310105354,"Minnesota","Democrat",1.05634223916903,68.9636346396672
"12",54.4538032496348,"Maryland","Republican",1.52883220016273,63.5124951332133
"13",41.6505842236802,"District of Columbia","Independent",-1.35647630064823,43.2934783314648
"14",42.0759620144963,"Oklahoma","Democrat",-0.0111548445440438,64.7574545853178
"15",46.1884007090703,"Oklahoma","Republican",-1.00143021664191,53.5948567096554
"16",40.7135604089126,"Iowa","Democrat",-1.48867363199742,63.5106524399565
"17",45.7685149321333,"Kentucky","Democrat",-0.0980920893334255,50.2718242393984
"18",48.3797604218125,"Kentucky","Democrat",-2.46595359608208,57.2720611823361
"19",44.097222876735,"Oregon","Republican",-0.438312511365673,54.9630494233536
"20",42.9212457686663,"New Jersey","Republican",-2.6007705396913,60.6975274894359
"21",59.0483865747228,"Massachusetts","Republican",-0.255448652713446,62.6851499865892
"22",41.1727952724323,"Massachusetts","Other",0.546080839398465,58.4976201127229
"23",44.9526117509231,"Montana","Other",-1.14744068918302,61.3178940132139
"24",51.6049814969301,"Tennessee","Republican",-0.491886860460249,55.5078616304771
"25",50.5198325542733,"New York","Republican",-0.922387684062732,59.8494933398474
"26",48.1884342432022,"Minnesota","Republican",-0.218786106928374,55.2864160927587
"27",47.9497245466337,"Missouri","Republican",0.861446464723389,57.5875372005351
"28",45.040525496006,"Ohio","Republican",0.0605144478352188,53.1837855570416
"29",52.5785032985732,"North Carolina","Republican",-0.41691938546039,67.0158075238708
"30",57.1461902651936,"Connecticut","Independent",0.145274265983919,67.4934976193855
"31",46.6213623387739,"Missouri","Republican",-1.41051505074009,66.237987023927
"32",53.5800172854215,"Arizona","Republican",-0.317845371798497,51.0653320238134
"33",47.4677937990054,"Georgia","Democrat",0.100316535649804,61.6027215531298
"34",45.9709995472804,"North Dakota","Republican",0.686232799412563,62.5056580530189
"35",50.9120200807229,"Idaho","Republican",-0.383457709799357,68.8663271973891
"36",51.6047311015427,"Nevada","Republican",0.461711998331444,63.4359664036504
"37",56.0043146833777,"Arizona","Democrat",0.721942895103894,58.5716493774211
"38",45.6790738878772,"Mississippi","Republican",-2.89285615873081,58.483555793306
"39",52.6801232481375,"Idaho","Democrat",-1.37869912345297,62.4963615284907
"40",51.9410884846002,"Missouri","Republican",-1.14203496913022,57.1455452194883
"41",50.0912352278829,"Minnesota","Democrat",-1.47232113939323,64.8834676113314
"42",44.1793971741572,"Tennessee","Republican",-0.234181784851634,59.8304446983703
"43",41.6411862848327,"Delaware","Republican",-0.988416162615119,63.2672232682937
"44",54.6384058846161,"Pennsylvania","Democrat",0.32753833877544,57.5572056387679
"45",53.8420018414035,"North Carolina","Democrat",0.228942678953645,53.3093630260443
"46",52.5782495317981,"South Dakota","Other",1.17384417458854,61.5433563326503
"47",57.1823390759528,"New Hampshire","Republican",-0.315669106715748,54.0314656580068
"48",45.5804118420929,"Maryland","Democrat",0.534211463845051,55.6679917630475
"49",40.4909127997234,"West Virginia","Democrat",-0.680914292658681,59.9572238201358
"50",41.9675735896453,"District of Columbia","Democrat",0.809191329305869,59.0259611454729
"51",42.0597182540223,"Illinois","Republican",-1.0725875253326,64.9945318595854
"52",51.70634589158,"Washington","Republican",0.47051781464733,58.2495195515934
"53",41.3293900620192,"Minnesota","Democrat",0.177401078478603,56.4325846216846
"54",44.0689966874197,"California","Republican",0.244827905075862,65.6771404801644
"55",57.7730076108128,"Massachusetts","Democrat",0.327723103317625,59.7402227109385
"56",58.9712465601042,"Wisconsin","Republican",0.857552907859585,56.6747226860978
"57",43.6549207987264,"South Carolina","Republican",1.03386527924339,68.6063345833498
"58",54.719513123855,"Mississippi","Republican",-0.176852589787332,55.2923093061984
"59",52.8113251831383,"Tennessee","Republican",-0.583611252135663,61.2845237530355
"60",44.1614532610402,"Illinois","Democrat",1.03002871226337,62.390350917672
"61",53.1831655791029,"Iowa","Republican",-0.120791077389114,61.6702556551661
"62",44.4418866699561,"Rhode Island","Democrat",-1.49419129750973,61.166968848529
"63",57.8726978320628,"District of Columbia","Democrat",-0.574624483980378,51.9561709564116
"64",51.7580952495337,"Michigan","Republican",1.11197200141811,50.4372255250574
"65",42.696895962581,"Louisiana","Republican",-0.988531606117975,55.1477267984467
"66",41.3559998851269,"Rhode Island","Democrat",-0.0396633738738987,58.2690873262064
"67",51.0853583598509,"Vermont","Democrat",0.510391846945784,56.7376653855562
"68",48.9160762215033,"Ohio","Democrat",-2.94742152015265,59.7682964577408
"69",53.4543118719012,"Arizona","Independent",0.466331432526114,60.807022561035
"70",52.9711303208023,"New Hampshire","Independent",-1.83228564526565,64.1524601897756
"71",40.2665279526263,"Tennessee","Democrat",-1.04544490935915,59.8835396439428
"72",58.5383216338232,"Mississippi","Republican",-0.207299227107114,56.464002403969
"73",45.5905351415277,"Vermont","Democrat",1.31404308834248,61.2170969466282
"74",54.5936601096764,"Michigan","Democrat",0.157703081425687,62.1733630560275
"75",42.9167709173635,"Delaware","Democrat",0.63821472522644,65.7391675364641
"76",49.3726945342496,"Massachusetts","Democrat",-1.55788590161176,69.8961486743931
"77",57.9225334478542,"Illinois","Other",0.676445550313371,64.843367173466
"78",42.025014385581,"Kentucky","Republican",0.87222372923781,52.9154422038692
"79",49.3248304957524,"Georgia","Democrat",0.852430424013816,53.8533305474268
"80",45.0764789246023,"New Mexico","Democrat",-0.890794484296517,66.6479246935574
"81",43.9095292100683,"Nevada","Democrat",-0.572260806528143,63.3348240253257
"82",57.7535498235375,"Maryland","Democrat",1.71803440151914,62.6909991997376
"83",45.4834030382335,"Missouri","Democrat",-0.474945375110788,61.2352463708952
"84",42.6472492562607,"New Hampshire","Republican",-1.03296979746874,68.5873177874662
"85",55.3061633463949,"Wisconsin","Democrat",-1.10601697004879,60.3286853480543
"86",53.7583053065464,"Alaska","Republican",0.146213045901949,62.0946489332373
"87",51.7241792753339,"District of Columbia","Democrat",-0.487759693026065,56.470357494015
"88",52.6472585974261,"Texas","Republican",1.12927933816444,51.707715242724
"89",54.5863413112238,"North Dakota","Republican",-0.204657331948036,50.1109963762747
"90",51.1905583972111,"Nebraska","Republican",-0.510225195374928,53.7341910910766
"91",49.0814343234524,"South Dakota","Republican",0.519641031019803,63.8524827659197
"92",57.6129765016958,"Arkansas","Democrat",-1.35023896493789,66.9684911813366
"93",49.7100619785488,"Kansas","Republican",0.245781433216457,64.844005423614
"94",42.667240165174,"Montana","Republican",1.78605256100495,59.405807635698
"95",40.6288745580241,"Maine","Republican",1.09212527672271,57.0461926307108
"96",52.6009746175259,"New Mexico","Republican",-0.737684565377248,60.2775445009882
"97",43.9796080254018,"Missouri","Democrat",-0.665364172167164,64.638832998331
"98",56.2793735414743,"New Mexico","Democrat",-0.420072995346326,69.2892989334271
"99",58.1671793200076,"California","Democrat",0.0828436445362619,55.4223706982268
"100",47.6842019706964,"Vermont","Republican",-1.00311018962479,47.5676616820582
"101",43.4357882849872,"Texas","Republican",-1.46971526302488,65.4329767186367
"102",47.3391737043858,"Rhode Island","Democrat",0.204172783865139,53.4055332142493
"103",47.1508746547624,"Washington","Democrat",-0.0511997129434972,59.450572797204
"104",45.3831191873178,"Indiana","Democrat",1.93863952752956,66.8362724399962
"105",54.3114303192124,"Florida","Democrat",-0.837686810242184,55.1679136497884
"106",44.0309186186641,"Tennessee","Republican",0.926014422538492,63.47615002877
"107",50.2758390083909,"Tennessee","Republican",0.613632431206674,62.6293253094272
"108",44.9862826988101,"Pennsylvania","Independent",0.524660691351431,65.8434387410856
"109",58.9808131707832,"West Virginia","Republican",0.268882163653134,62.509535884457
"110",52.132873358205,"Kentucky","Republican",0.692743152152712,60.1347316209223
"111",46.4421310136095,"New York","Other",1.23162498578704,61.8186998784884
"112",49.8055634321645,"Rhode Island","Republican",-0.443568089214293,66.4621285910154
"113",45.8030070504174,"North Dakota","Democrat",-0.482583352117045,68.0424752887456
"114",52.6718280324712,"Wyoming","Republican",-1.0346529196393,61.5951339720061
"115",47.3733517806977,"Washington","Democrat",-0.0407321825164467,63.3082466563194
"116",40.9971196809784,"Georgia","Democrat",-0.697915162160047,61.1567371099188
"117",54.3927091686055,"New Mexico","Independent",0.698251094362734,63.7857262924292
"118",42.1175461448729,"Vermont","Democrat",1.09673266092364,53.7321078223742
"119",48.8381414813921,"Maryland","Republican",-0.657647773168704,61.9616428560877
"120",56.8996261898428,"Utah","Republican",0.642543769058981,57.0355192953134
"121",43.5560443950817,"Wisconsin","Republican",-0.221335375615969,58.6274883428001
"122",51.8153127329424,"Nevada","Democrat",0.368153993830444,52.4742962761264
"123",47.7852420136333,"Maryland","Republican",0.537694624374626,67.3758124880572
"124",53.4923762734979,"New Mexico","Democrat",0.415906070067536,54.3242968996362
"125",54.8495385982096,"Hawaii","Republican",0.897812965981175,57.1542114921484
"126",54.6305341273546,"North Carolina","Democrat",1.26371070110871,63.0940037618173
"127",42.8213276201859,"Alaska","Republican",2.17151040258367,49.170670291952
"128",49.1003563906997,"Nevada","Democrat",1.68924547728494,53.4223436219755
"129",49.820398488082,"Oregon","Democrat",-0.473472457124489,50.5975633910061
"130",48.6736342730001,"North Dakota","Republican",-0.570378392676702,59.9359836902711
"131",48.8151982007548,"Utah","Republican",-1.01287854873646,58.6930719205397
"132",53.6143222358078,"Maine","Republican",0.625116946878649,63.9559687771885
"133",48.270124271512,"Wyoming","Democrat",2.15777441943064,64.6405955260422
"134",53.6598200723529,"Illinois","Democrat",-0.176020512942294,58.4223546912493
"135",48.0416783690453,"Maryland","Other",1.35826166832627,56.3946366111875
"136",40.3664438147098,"Arkansas","Democrat",-1.24895295723465,57.5009454254619
"137",50.8718391740695,"Nebraska","Republican",0.0464915725430806,59.7717907573178
"138",55.1399008417502,"California","Democrat",-1.92204724674101,67.2641211535421
"139",51.2181247817352,"Colorado","Republican",0.363779930299213,53.7867299072921
"140",45.1830090209842,"South Dakota","Republican",-0.545147536342388,65.4295217391632
"141",59.9044733028859,"Utah","Republican",-0.107393383455344,59.6413571179874
"142",55.428466508165,"Texas","Republican",-1.67647417018468,56.4583698172528
"143",44.4525776896626,"Louisiana","Democrat",1.30732498331614,60.9341926847578
"144",55.8882401604205,"Louisiana","Democrat",0.932809700459417,60.3626700087396
"145",58.2116859033704,"Connecticut","Democrat",1.63583414452459,62.7092628481467
"146",54.3058248283342,"Utah","Republican",-1.40555440757639,62.0254491659455
"147",47.0639440836385,"Nebraska","Democrat",0.392447178776548,57.7674730530253
"148",57.9840953741223,"North Carolina","Republican",0.563848594353414,59.3506565223175
"149",41.6729046776891,"Nebraska","Democrat",-2.14097908415601,57.8203302403286
"150",45.4124517925084,"Florida","Republican",0.16147383397731,54.6397713542268
"151",45.1124852197245,"Alabama","Democrat",-0.935813746251904,60.5852048900759
"152",59.0638745762408,"Iowa","Democrat",1.57917769049003,57.7892195517475
"153",51.3815227011219,"Arkansas","Republican",1.27319160350684,55.4153426350727
"154",45.6982738617808,"North Carolina","Democrat",1.08321466057296,62.613793878559
"155",57.4069179873914,"New York","Democrat",-1.90403404685548,55.072433281143
"156",52.424789974466,"Virginia","Republican",-0.913614524451659,53.6926893597548
"157",49.4512288738042,"Maine","Democrat",-0.146742692797987,63.0391212181573
"158",46.7644135048613,"Indiana","Democrat",0.422182479585477,56.6749343927359
"159",54.6699307579547,"Missouri","Democrat",0.448496367670488,57.062962170862
"160",50.0034993048757,"Tennessee","Democrat",-1.16186058222259,60.0613525714164
"161",55.1898124301806,"Mississippi","Democrat",-0.410849248183714,59.5329442182396
"162",52.4330330593511,"Rhode Island","Republican",-0.00756881852182118,61.5756669731303
"163",43.8818516489118,"Maine","Democrat",-0.31067523262177,68.8571705189568
"164",54.136784109287,"Massachusetts","Republican",-0.0485552997556547,54.6221265491535
"165",47.3488691076636,"Montana","Democrat",3.23775068926001,64.8084741975767
"166",55.7942645996809,"Oklahoma","Democrat",1.10697662335047,64.9099054488643
"167",48.5905877454206,"Massachusetts","Republican",0.301523427346773,63.0681236739612
"168",57.2902843402699,"Iowa","Democrat",1.5665747322302,57.1696840660757
"169",41.5527778631076,"New Jersey","Democrat",-1.63057694162866,54.9558210243059
"170",41.5422097360715,"California","Independent",0.0400293433060695,65.0350661541751
"171",49.3616859009489,"Michigan","Other",0.0839426826475487,57.4949931023349
"172",49.3483881698921,"Wisconsin","Republican",-1.06051243522278,61.8263134167357
"173",40.9766148449853,"Indiana","Republican",-0.0603582508452371,62.4258270554879
"174",44.3701130850241,"Oregon","Democrat",-1.14564468177126,48.7490058556642
"175",49.1792416851968,"Indiana","Republican",1.26165208209263,53.8721391433794
"176",46.8424493866041,"Iowa","Democrat",-0.906106175251482,57.661815625264
"177",55.7298313453794,"Illinois","Republican",1.39005258814744,55.3340177149136
"178",58.5090925358236,"Minnesota","Republican",0.53922962556715,62.8623466831674
"179",55.3561980929226,"New Jersey","Republican",0.943302864937521,57.6836197168367
"180",59.6372996736318,"North Dakota","Independent",0.20016001879651,57.2805828310152
"181",50.2878789557144,"North Carolina","Republican",-1.70574280765119,60.6118760196131
"182",56.5694222226739,"Illinois","Democrat",2.2636645503658,56.1004393900401
"183",43.120065596886,"Vermont","Republican",-0.290260145656757,55.9116342930345
"184",53.2899654004723,"District of Columbia","Democrat",-0.524926682154086,59.6875015540264
"185",53.2667673472315,"Kentucky","Republican",0.211030673306677,61.2662688814404
"186",43.4257604693994,"Maine","Democrat",-0.107736645554934,51.0050865717278
"187",57.5995052140206,"Alabama","Republican",0.763075077470875,68.0103346536555
"188",57.3473242530599,"Minnesota","Democrat",-0.842042299824628,64.6664905022344
"189",40.7356413174421,"New Jersey","Republican",-2.13467881137965,63.8562650936553
"190",56.0295128589496,"Kentucky","Democrat",1.6169580693339,51.0388016178942
"191",50.359654375352,"Maryland","Republican",0.867536901211589,58.5403206398739
"192",45.78336130362,"New Mexico","Democrat",-0.131576458299238,68.3969472520021
"193",42.3780484776944,"Virginia","Independent",-0.161856855765197,62.3115805136194
"194",44.2520588217303,"North Carolina","Democrat",1.12373345132327,67.8801453368701
"195",57.2536434512585,"Utah","Republican",2.12305952601098,61.7325052471316
"196",47.649432872422,"South Dakota","Independent",-0.659648578556432,65.7001029278461
"197",55.3317857068032,"Texas","Democrat",-0.28154856403827,51.6533980083255
"198",46.4833578467369,"New York","Republican",-1.00823063585647,60.1320293477039
"199",55.487321196124,"Maine","Republican",1.50156044733964,65.1769128263421
"200",51.1216734349728,"Massachusetts","Republican",-0.372175789433288,57.0977716273334
"201",47.0920631894842,"Vermont","Republican",0.0157258589268227,57.9632776475681
"202",54.6373950364068,"Missouri","Democrat",-0.386020660959416,57.306516929268
"203",56.0026567522436,"Mississippi","Democrat",0.898056774290341,62.3278392098532
"204",45.7865909626707,"Colorado","Republican",1.53891702414844,58.79809438887
"205",53.3405922399834,"Kentucky","Republican",-0.780527052931706,53.8872233439957
"206",56.9301078980789,"District of Columbia","Republican",1.01860480565276,63.1351401562869
"207",47.8418462583795,"Washington","Republican",-1.05115769374748,62.1108992507151
"208",44.9615376163274,"New Jersey","Other",0.246195976083223,60.7072946634606
"209",46.2452830374241,"Minnesota","Democrat",-1.33263940225274,54.4190371264663
"210",50.5383501993492,"Pennsylvania","Republican",-0.200350431885088,57.6262286013142
"211",50.5165096744895,"Nevada","Democrat",0.971447389313327,60.650598982895
"212",44.3463006429374,"Arizona","Republican",0.465972383759044,63.6722581502526
"213",55.4021462285891,"Connecticut","Democrat",-0.162131882085271,60.072022896159
"214",46.0944158397615,"Washington","Republican",-0.873830328783226,60.4029647587287
"215",54.5857468154281,"Iowa","Other",-0.416979364531421,58.5142934117669
"216",59.745367015712,"Alabama","Republican",0.593275288771805,60.7124580231787
"217",51.7160873906687,"Hawaii","Democrat",1.03543669002163,59.0136833784617
"218",51.4598684990779,"Alaska","Other",-1.1277421311792,65.950450332263
"219",42.4479373451322,"Alaska","Republican",-1.16553682877366,65.9350190135738
"220",43.4637307189405,"Alabama","Republican",-0.428873303489214,66.2524597810821
"221",47.3681151354685,"Connecticut","Republican",-1.81851342317831,52.4480788903908
"222",54.8009755788371,"Iowa","Democrat",-1.46554098423839,61.7351475535281
"223",40.1228291448206,"Oklahoma","Independent",-1.32052853784236,55.6789798274373
"224",51.3640172872692,"Iowa","Independent",0.500950177773611,60.6268312701638
"225",40.1584379281849,"New Hampshire","Democrat",-0.494520667857778,59.1162180810821
"226",52.7188211027533,"Michigan","Democrat",1.65596733559579,54.1755741042768
"227",51.8964182771742,"Louisiana","Democrat",1.86911854776084,57.8488657739696
"228",50.6834876583889,"Hawaii","Democrat",0.086321923319908,56.9484933938864
"229",46.6382450424135,"Oregon","Republican",-0.163789868748818,65.5680222627224
"230",52.5016697309911,"South Carolina","Democrat",-2.34518242189011,66.5014506908743
"231",56.855487767607,"Michigan","Democrat",1.37066619850021,54.0976349879712
"232",42.8816610202193,"Iowa","Democrat",-0.716998075058037,58.2196896175977
"233",43.0720092356205,"Utah","Democrat",-0.924966285162935,54.8987991187706
"234",42.4667444406077,"Utah","Republican",-0.909320526758995,55.4273683655922
"235",42.901256675832,"Florida","Democrat",0.155575888762315,60.3334886657133
"236",40.1203730050474,"Pennsylvania","Republican",-0.441145547765444,59.1768316737968
"237",53.7400312675163,"Maryland","Independent",-0.19043155455797,59.285608097913
"238",52.8699814528227,"Tennessee","Republican",-1.04684205856534,61.5811723744484
"239",55.3620723914355,"Illinois","Democrat",0.464716005999951,57.6895942811564
"240",42.7555577503517,"Montana","Democrat",-2.28504421140063,60.8367247457716
"241",54.724700814113,"Massachusetts","Republican",-0.297722657329501,61.9136120759804
"242",48.5500270407647,"Virginia","Republican",-1.34967452513988,62.3596322991015
"243",47.8984221955761,"Texas","Democrat",-0.662481164512274,57.608594978923
"244",45.4066305840388,"Idaho","Republican",0.559068516038752,57.7069345692667
"245",41.4432979375124,"Nevada","Democrat",-1.79354367456468,54.0082177748466
"246",55.1210279390216,"West Virginia","Democrat",0.828752616024444,61.3505896592311
"247",41.9655204424635,"Montana","Democrat",-0.143000161442397,63.7342784244177
"248",47.6889171265066,"Connecticut","Democrat",-0.853529717334567,59.6116416678931
"249",49.7035092813894,"Tennessee","Democrat",1.01146118680009,54.9879584063181
"250",54.8742292029783,"New Hampshire","Republican",0.794399707811893,66.0814860180057
"251",55.4028032720089,"New York","Democrat",1.23050963693889,59.6385730805896
"252",58.9046497037634,"Georgia","Republican",0.831503223489852,52.9524345693331
"253",50.1839707931504,"Louisiana","Democrat",1.13692001534048,58.6960534600536
"254",53.4207992022857,"New Mexico","Republican",0.926352360105096,59.9391696535615
"255",50.5718683032319,"Vermont","Republican",0.47186982347714,60.4138665931169
"256",46.3180807512254,"Tennessee","Democrat",1.27896056400199,55.2838597654082
"257",42.6451527839527,"Minnesota","Republican",-1.27299597542821,61.264938765521
"258",43.0648042540997,"West Virginia","Independent",0.454025595979529,59.4658532404193
"259",52.0384690305218,"South Dakota","Republican",0.481115404253207,58.4158679764935
"260",56.2649885145947,"New Mexico","Democrat",-0.649957184231957,54.0807886086575
"261",52.4813146097586,"Washington","Democrat",-0.410840112430381,53.9146387936239
"262",57.5466064643115,"Utah","Republican",1.53560279660473,62.0861389948762
"263",45.3120104549453,"Minnesota","Democrat",-1.20093550625029,58.6910316066334
"264",58.9634395390749,"Kentucky","Democrat",0.922842994550512,63.2717690581958
"265",56.0665076412261,"Pennsylvania","Democrat",-1.24401958089097,70.269633624517
"266",46.5911936853081,"Utah","Republican",1.44725416512349,68.0950065784778
"267",42.5789311947301,"Connecticut","Independent",0.980002348895363,55.3341499477564
"268",55.9152032714337,"Nevada","Democrat",-1.27318777725103,61.0288583520214
"269",52.5841925293207,"Hawaii","Republican",0.0394130699652063,58.7011577192058
"270",50.5245142383501,"District of Columbia","Democrat",-2.39072997113381,64.772176994894
"271",53.5716695943847,"Louisiana","Republican",-0.492567343860349,64.4697525139844
"272",49.8565592477098,"Wyoming","Republican",-0.900574777814456,57.3897335428923
"273",52.6015047635883,"Massachusetts","Republican",0.642615626478951,58.3280312120812
"274",55.4277919372544,"Oklahoma","Independent",-0.048613640002772,66.124697916191
"275",56.3458013767377,"New Hampshire","Republican",-0.857237233608028,59.9241867884788
"276",49.4110143231228,"Washington","Republican",0.320556637751618,57.479647934321
"277",46.3542660232633,"Oklahoma","Independent",2.03431231850024,54.8411501017366
"278",44.8469745228067,"Colorado","Republican",0.358835960429734,66.8726720524688
"279",50.6667767418548,"Oklahoma","Republican",-1.9340688116763,61.3416588856256
"280",55.9863802883774,"New Mexico","Democrat",-0.075009699070374,60.9617236309794
"281",44.0010981168598,"Florida","Republican",-0.484956048427835,57.0366821129929
"282",55.9918739786372,"Michigan","Democrat",-0.255852803901613,59.0263830863718
"283",49.2409553518519,"Maine","Republican",-0.450785494145473,50.0930501385262
"284",41.2902328418568,"Colorado","Republican",-1.3266346643299,65.3319240016574
"285",45.4198152059689,"Texas","Republican",-1.36284922909619,59.1169436441288
"286",41.2525377469137,"Massachusetts","Republican",-1.28928289275007,57.3457965730931
"287",56.5584363183007,"Connecticut","Republican",-0.388299130093491,59.2475331302945
"288",48.2288362877443,"New Jersey","Democrat",-0.862061286559131,57.7569336444935
"289",46.1744092823938,"North Dakota","Republican",0.717539677823942,63.8458616254502
"290",52.5510711222887,"Maryland","Democrat",1.14792273423792,58.9569452480498
"291",48.8285830477253,"Maine","Democrat",-0.456566026304976,67.175078497226
"292",48.4149362845346,"Connecticut","Democrat",-0.924323429673484,56.2010901723334
"293",47.0898937620223,"Texas","Republican",0.951914675284771,60.5859045770239
"294",44.3048954429105,"South Carolina","Independent",1.88558307710244,61.3715937668678
"295",49.3024361738935,"Nebraska","Republican",-1.12192481404356,59.8072456035449
"296",56.2981502665207,"Iowa","Democrat",0.927568727962203,59.0577093359652
"297",46.5072523569688,"Oklahoma","Republican",-0.397345769544168,61.5767845051589
"298",42.2215368552133,"Hawaii","Democrat",-1.52191221383649,62.5322765544259
"299",58.176775877364,"South Dakota","Democrat",-0.478422031294803,54.5974050425419
"300",43.9019271684811,"Alabama","Other",-0.914118370308152,59.6824114906103
"301",43.9097223663703,"Vermont","Democrat",2.86132074956818,54.9185760124505
"302",50.1681256527081,"South Dakota","Democrat",1.09602007662272,66.5864356819024
"303",44.6949528204277,"Alaska","Democrat",0.215137970120183,65.2889978729414
"304",52.8568080114201,"Minnesota","Democrat",-0.423749128267939,59.5408979925193
"305",54.7360255196691,"Kentucky","Republican",-0.072231428614234,61.8573930278514
"306",52.2339836508036,"New York","Independent",0.833732525992977,60.0045844641078
"307",49.7235090425238,"Oregon","Republican",-0.535536203633735,56.5270176017835
"308",44.555002390407,"Louisiana","Republican",0.104965598743051,50.647059112391
"309",50.0297668389976,"Minnesota","Republican",0.119753989230154,55.7416591323498
"310",42.3761191312224,"Oregon","Democrat",0.247655822470136,58.7027696506578
"311",51.2343255942687,"Alabama","Democrat",-0.380815254966926,53.5079993216404
"312",40.0541028752923,"District of Columbia","Republican",-0.580564578838563,57.475882320745
"313",49.668132327497,"Vermont","Democrat",-0.247350671227058,51.8163502666603
"314",55.4924493469298,"Pennsylvania","Republican",1.12139218127611,59.6957322271062
"315",49.370108130388,"Rhode Island","Democrat",0.390007242086349,56.5230776885223
"316",58.5254869889468,"Iowa","Republican",-0.388549514194145,57.0816012355071
"317",47.3012603633106,"Oklahoma","Republican",-0.980275753512261,62.6556235778993
"318",52.7782050799578,"Alaska","Independent",1.42242901727935,56.4299532542128
"319",55.0503894360736,"Hawaii","Democrat",0.330359569923319,64.7914188714325
"320",46.1787780374289,"Louisiana","Republican",-0.562976767998459,62.0224058543422
"321",47.9651271738112,"South Dakota","Republican",-1.82519688006123,65.8295349575571
"322",51.4765781722963,"Oregon","Independent",-0.440247452059666,63.2897186049517
"323",56.3353777816519,"Louisiana","Republican",-0.881868853496927,66.8237858235079
"324",47.4911354342476,"Oregon","Democrat",-0.168003022513888,56.3858641274119
"325",54.6557976072654,"South Dakota","Democrat",-0.189179155578593,61.7790169933473
"326",58.7001413758844,"Oklahoma","Independent",-0.0726966914299292,56.938372650196
"327",44.1737977834418,"Massachusetts","Democrat",0.527234748690507,71.3661202179492
"328",41.2739026313648,"Ohio","Democrat",-1.17904458312904,61.5783125844725
"329",53.7674225168303,"Massachusetts","Republican",-0.195362793056653,64.8785925898105
"330",52.8361701825634,"Indiana","Republican",0.104580653449444,63.3381621078896
"331",55.9100418537855,"Tennessee","Republican",-2.51947251588077,57.3833028693747
"332",49.552246928215,"Illinois","Republican",0.746287629440421,65.4988071992482
"333",52.1833739429712,"New Hampshire","Democrat",1.27491134297878,58.9614243039035
"334",40.1086263125762,"Indiana","Democrat",-0.165150310799335,60.1639779624272
"335",52.7067401306704,"Arkansas","Democrat",-2.16849296378631,61.4664527821049
"336",43.7074620090425,"Utah","Democrat",1.43848830271476,53.0992051571084
"337",44.5528102200478,"Texas","Democrat",0.737268639541511,56.6968540104391
"338",45.0153431808576,"Colorado","Republican",-0.88783210759469,67.6190391396707
"339",40.594215770252,"Minnesota","Independent",-2.04740174051205,55.2516908292988
"340",57.174302819185,"Delaware","Democrat",-0.517025738570467,63.4069442458931
"341",52.9030713578686,"Alaska","Democrat",-1.20040861407542,63.8300578983868
"342",54.0422310354188,"Oregon","Republican",0.627316303241646,62.7461945746847
"343",41.0575189068913,"Wisconsin","Democrat",0.438046794010435,55.8573748119243
"344",56.6842169221491,"Pennsylvania","Democrat",-1.15806442181805,62.8338564110935
"345",56.6572181042284,"North Dakota","Democrat",1.90084410368312,70.3664597131957
"346",54.8361002886668,"Washington","Republican",1.15645432955475,61.0890542024237
"347",44.7809616336599,"Alabama","Republican",-0.39324356408603,59.6231100428568
"348",40.9165742434561,"Arizona","Democrat",-0.519262758308442,56.5823130288784
"349",57.2677951212972,"Idaho","Democrat",1.62823671601483,55.8921615182188
"350",50.5679120775312,"Tennessee","Republican",0.437323014696924,56.9908667552009
"351",49.9216789659113,"Wisconsin","Independent",-0.197810650736694,51.5224890834005
"352",52.1747347572818,"Hawaii","Democrat",-0.0215111461685625,58.788851223516
"353",41.7012732056901,"Rhode Island","Democrat",-0.531476023939611,54.2052245785899
"354",55.9564475854859,"Nebraska","Democrat",1.54035893819254,64.388133362706
"355",58.6167436186224,"North Dakota","Democrat",0.514395233731165,65.4008845430952
"356",55.2874532202259,"Connecticut","Other",-0.433485851995143,57.1277734400858
"357",52.7317969640717,"New Hampshire","Republican",2.0376668963031,54.2490069742499
"358",44.7891885880381,"Illinois","Democrat",-0.65757232183988,70.87406780745
"359",47.8405351936817,"Florida","Republican",1.76003947086084,60.4570649181291
"360",49.536542580463,"Washington","Democrat",2.01835569445047,59.8902657542867
"361",45.199970100075,"New Mexico","Independent",-1.72144987543946,63.7437043876825
"362",42.1790207410231,"Connecticut","Democrat",0.853644206331556,57.3752357336189
"363",50.4852521885186,"Minnesota","Republican",0.579393887904757,57.6803824208555
"364",55.1576391095296,"Ohio","Republican",0.650453080839886,54.3406936408497
"365",43.6189278122038,"New York","Democrat",0.0496216450468921,60.6226223241464
"366",46.5814096480608,"Alaska","Republican",-0.288225713948772,59.2108361114246
"367",51.3119124481454,"Missouri","Republican",-0.115042145978165,64.7609327376272
"368",49.1960943955928,"Mississippi","Democrat",-0.596854765545623,57.292157135354
"369",55.4037151718512,"Maine","Democrat",-0.0214429106977961,67.0256516594872
"370",58.6941649205983,"Nebraska","Democrat",-0.864857575863443,57.3812133639337
"371",56.0847610374913,"Massachusetts","Democrat",1.24920641655094,58.0642120521332
"372",54.6464846422896,"South Dakota","Republican",0.328986612803308,58.2462488163773
"373",59.0193005185574,"Pennsylvania","Independent",0.0759130280442997,59.3112442794861
"374",53.9267259649932,"Massachusetts","Democrat",0.665764138862188,55.2714426448523
"375",42.9858841374516,"Minnesota","Republican",0.874504466749093,54.0042506632194
"376",49.0545465890318,"Pennsylvania","Democrat",0.612934164994518,58.8415064056742
"377",58.2859725644812,"Tennessee","Democrat",0.1633263032205,57.7457298863959
"378",46.0638172132894,"Delaware","Republican",-0.590616867242866,59.6581080475157
"379",53.7086247513071,"Texas","Democrat",0.561704038887573,56.8552179922389
"380",54.2191210016608,"Rhode Island","Republican",0.634602906318173,53.6024783294337
"381",47.3197111207992,"Idaho","Republican",-1.29033309529961,64.346547725982
"382",41.4861174626276,"California","Democrat",1.50083648818247,59.0944146975198
"383",55.6892557954416,"North Dakota","Democrat",-1.05697659102894,67.1385502593239
"384",45.8087911969051,"Colorado","Democrat",-0.442719832627544,59.1631338722187
"385",57.1541291475296,"New Jersey","Republican",1.07898661320167,66.9963206875412
"386",57.5553726078942,"Arkansas","Republican",0.671287045998342,69.1399089347437
"387",52.0461704721674,"Nebraska","Republican",0.171752658613843,68.9037301489198
"388",42.7979845693335,"Wyoming","Democrat",1.4628496019252,62.6064247163811
"389",58.0815885541961,"Texas","Other",0.631266171095814,65.1096996660422
"390",57.9949264694005,"Montana","Republican",0.889949740777675,56.86468593911
"391",41.1134497681633,"Delaware","Democrat",0.3847597398683,63.9133305018174
"392",59.1207064082846,"Florida","Republican",1.67956898825353,64.5118871429355
"393",44.4027065113187,"Michigan","Republican",-0.414783744247858,73.0309118236948
"394",42.6980161899701,"New Mexico","Republican",-1.47231684616097,53.114300559319
"395",52.1970793232322,"Texas","Republican",0.797804018986177,61.8499686557969
"396",45.3368176007643,"Louisiana","Democrat",-0.485660802318454,54.4058637003155
"397",45.0215941015631,"Minnesota","Democrat",-0.316002840990705,68.9123130784011
"398",47.7074305107817,"Illinois","Other",0.0442777440397204,59.9056540246983
"399",56.9051622226834,"Kansas","Democrat",0.630883424403867,61.474779948114
"400",48.0354345636442,"Oregon","Democrat",0.14843287131748,59.1401985332073
"401",46.6582263214514,"Texas","Republican",-1.64176821266261,63.3449328817648
"402",45.362403569743,"Minnesota","Republican",-0.102561388443118,66.4744613904972
"403",45.8393230708316,"New Hampshire","Republican",0.349088495019713,42.7899002252683
"404",52.4421572359279,"Tennessee","Democrat",-0.738325461498698,59.3219934416786
"405",40.7116529950872,"Virginia","Republican",-1.98960292021869,57.7784722244276
"406",49.3202792247757,"Florida","Democrat",-0.400370068866438,61.8045991137619
"407",41.85561966151,"Washington","Republican",-0.453045748090741,55.7115598227386
"408",50.0562410475686,"Minnesota","Democrat",-0.281071924256572,51.2606945411419
"409",59.640741548501,"Connecticut","Republican",0.175464112525833,60.0221675001913
"410",49.4982527988032,"Georgia","Democrat",1.06875742120181,69.9040811523682
"411",45.6224948400632,"Michigan","Republican",-0.728409309498127,66.3221024474908
"412",41.4178290124983,"Massachusetts","Republican",-2.25983922259635,61.1098631017747
"413",48.7750430963933,"Arkansas","Republican",0.261619009327092,61.4325462864029
"414",41.7236388335004,"Louisiana","Democrat",0.713282278332594,59.7010101976584
"415",54.1309817926958,"Florida","Democrat",-0.804753490835357,65.2301972373962
"416",49.1283740196377,"Hawaii","Independent",0.694636261817892,68.1726494773353
"417",50.0965888239443,"Oregon","Democrat",0.706177576128128,68.1526671240792
"418",48.1560125015676,"New Mexico","Republican",-1.95831116070158,52.9632945090956
"419",51.3416508818045,"Georgia","Other",-1.81960277940874,55.7256715743366
"420",49.1046851687133,"Missouri","Democrat",0.10540308471045,66.773921298094
"421",46.8013908481225,"Wyoming","Democrat",1.20096624387443,59.9963456425519
"422",45.1343709230423,"Washington","Republican",0.399712882896604,61.9887064044849
"423",51.3900951715186,"Vermont","Democrat",-0.627658220913967,56.2912437867864
"424",44.8550385748968,"New York","Republican",-2.57453385253059,62.6238636278923
"425",47.4477627081797,"South Carolina","Republican",1.01034283161329,60.2633187806327
"426",46.2783618457615,"Wyoming","Republican",0.621385508047697,55.2233432636063
"427",49.7563819773495,"North Dakota","Democrat",0.744312459081195,62.3883789772746
"428",43.3185310801491,"Maryland","Republican",-0.399751425150956,68.385456495893
"429",57.909836852923,"Florida","Republican",0.554039255887457,62.1603494670387
"430",40.5318055627868,"Idaho","Republican",0.82542689762449,61.2769043166877
"431",59.1768950456753,"Oklahoma","Democrat",0.591731701132749,57.2844318884255
"432",43.856568611227,"North Carolina","Republican",0.436634310001842,69.4942359242313
"433",41.4712021779269,"Delaware","Republican",-0.608024000891327,57.5113250619629
"434",42.3354938160628,"Oklahoma","Democrat",-0.697350588654492,47.4514870826476
"435",47.8045492898673,"Iowa","Democrat",-0.523543455486957,60.5775698373137
"436",56.2343406258151,"Illinois","Independent",-1.8659636277284,61.6974486542518
"437",58.2025431096554,"West Virginia","Republican",0.176227050583924,58.4522655801741
"438",47.4618609901518,"West Virginia","Independent",0.463379626973343,64.4762564812203
"439",51.8251534225419,"Wyoming","Democrat",-0.126695805512816,58.3387386617925
"440",48.9636012539268,"Kansas","Independent",-0.764621384802323,65.7646170059049
"441",42.1557437581941,"New Mexico","Democrat",-0.0938893291286757,64.6917798866058
"442",59.8075324296951,"Iowa","Democrat",-0.636884861307557,70.4996734471677
"443",51.666966243647,"Arizona","Republican",0.654733348000369,60.3615843778357
"444",59.8505548946559,"Indiana","Democrat",1.1313837400631,56.7913333210603
"445",46.9437097944319,"New Jersey","Republican",-0.989678220123326,63.1736073078203
"446",41.6746723325923,"New Jersey","Democrat",-0.0197946456061221,61.6517706528289
"447",44.6127514354885,"Oklahoma","Democrat",-0.968425408075594,56.4681973167186
"448",49.3804529309273,"Michigan","Republican",0.724319007974259,59.3011013772099
"449",53.6586909694597,"South Dakota","Democrat",1.34484103699166,65.9716395888075
"450",59.2848873697221,"New York","Democrat",-1.18474948354714,61.0513449239221
"451",48.5281330393627,"Arizona","Republican",1.56466605531995,50.3291521604494
"452",56.7935344716534,"North Carolina","Other",1.16290499800902,69.2694119081017
"453",55.3902532486245,"Arkansas","Democrat",-2.06085021201724,61.7645655001231
"454",46.0516677703708,"Alabama","Republican",-2.59495698537578,62.9569712178203
"455",48.3834259631112,"Nebraska","Democrat",-1.02233303834903,53.3852435066689
"456",59.4469268340617,"New Hampshire","Democrat",-0.348517692804731,54.7220336148991
"457",46.7403689306229,"Florida","Democrat",-1.30091494426845,62.6255012228655
"458",56.6282258648425,"Delaware","Democrat",-0.981554866477622,59.3726819743494
"459",51.9678224483505,"Alabama","Republican",0.278555052876317,54.1694948407959
"460",52.4103439552709,"Idaho","Republican",0.103953083324541,67.6666370880803
"461",50.08344986476,"Texas","Republican",2.01521937590996,56.194322024623
"462",52.5987295713276,"Pennsylvania","Republican",-1.40359284103676,61.9860545600191
"463",48.7217508535832,"Louisiana","Republican",1.85547275753168,58.9460879086346
"464",59.2177413357422,"Oregon","Democrat",3.09967948762899,61.6207520734783
"465",52.6430197572336,"Tennessee","Other",0.411114087213123,67.6240005230131
"466",47.5703097460791,"Vermont","Republican",0.0602524691302296,62.9471089472995
"467",54.5248629897833,"Utah","Republican",-0.579703017890049,55.8996133779081
"468",42.5678532291204,"Nevada","Republican",-1.24883063632172,65.3664273012103
"469",50.4788767918944,"Florida","Independent",0.44434110380952,56.730273860242
"470",58.0421011336148,"Virginia","Democrat",-0.459133024659396,66.4325487674211
"471",45.7069103000686,"Kentucky","Democrat",-0.794845899427673,70.8835790878467
"472",52.1574543928728,"Washington","Republican",-0.634595414500913,47.2552711945514
"473",53.2824802910909,"Florida","Democrat",0.996025582649783,54.8867922061401
"474",53.2086125947535,"North Carolina","Republican",1.09906973152423,52.8682568801031
"475",43.3563240477815,"Hawaii","Independent",0.0497173191250896,61.7626960321988
"476",42.1074777375907,"Arizona","Republican",1.1593171087002,58.1284132746592
"477",53.9359239256009,"Colorado","Republican",0.0774594772363808,58.7387377897089
"478",55.7944490062073,"Alaska","Republican",0.779795458994153,51.3968492435888
"479",46.225046524778,"Alabama","Republican",-0.8182286421842,49.5364941625623
"480",48.9468252426013,"Ohio","Democrat",0.539765883161382,60.5055311673669
"481",57.2241802653298,"Texas","Democrat",0.253270191029507,60.807203172204
"482",53.3475951803848,"Wyoming","Republican",-0.261082036262338,62.9096146599316
"483",48.221896556206,"Arkansas","Republican",0.292716054309361,64.4074921647869
"484",58.439681166783,"Alabama","Republican",-1.11169183534982,55.9924849302005
"485",57.9238414624706,"West Virginia","Democrat",-0.581014941805913,58.1659180856211
"486",58.5696130804718,"Colorado","Republican",-1.49998440658091,61.4794511471247
"487",47.7110603218898,"Wisconsin","Republican",1.71679002171658,60.1274029775373
"488",40.9095524856821,"Pennsylvania","Democrat",-1.87845137386783,55.6642264616738
"489",45.0920024840161,"South Dakota","Republican",0.477735458919452,56.129232780385
"490",41.1158857867122,"New Hampshire","Democrat",-0.433341489757697,64.9963762390104
"491",48.0047937110066,"New Jersey","Democrat",-2.02926680130957,63.5308407998049
"492",55.8485364960507,"Louisiana","Republican",-0.171118082052006,66.6194523574921
"493",43.015062911436,"Iowa","Democrat",-0.505286651054142,50.5925723854748
"494",48.9713607076555,"Tennessee","Democrat",-0.575405377623153,63.2257193080326
"495",53.3607228239998,"Rhode Island","Republican",1.52067591549544,56.6927929458234
"496",45.1903010625392,"Virginia","Democrat",-0.735635863165629,58.5852954787487
"497",43.4568649111316,"Washington","Republican",-0.824462872982117,54.7219422956842
"498",57.334824022837,"Oregon","Republican",-0.109711489034702,64.2913548236685
"499",43.6334174871445,"Wisconsin","Democrat",-0.196696784536166,52.1643442552778
"500",52.7961694262922,"Louisiana","Republican",1.01135306291533,53.347749557008
"501",41.6812880616635,"Nevada","Republican",0.541833328202677,62.5504475738321
"502",46.2379523226991,"New Hampshire","Democrat",1.04394664883868,63.0130823538625
"503",55.7497234782204,"Connecticut","Democrat",-1.37442858682194,50.8216746753157
"504",40.0493204966187,"Indiana","Democrat",-0.964605258758365,56.2150829586823
"505",43.2774850772694,"South Carolina","Republican",0.163781157634145,54.132568025073
"506",48.2740816706792,"Iowa","Democrat",-2.01206679598861,65.064679733844
"507",58.0638159299269,"Connecticut","Republican",-2.14535225490659,63.9685838585467
"508",46.233365056105,"Hawaii","Republican",-0.266204788760044,57.8603232067166
"509",48.8075674092397,"New Jersey","Republican",0.349099156257421,55.4070811786967
"510",45.9868775028735,"Texas","Democrat",0.0738751253315885,59.3868404621258
"511",51.5153278596699,"Ohio","Democrat",0.226894065347415,57.9820442966265
"512",59.644245384261,"Montana","Democrat",-0.100143244898379,55.1613285207025
"513",44.3419278552756,"Georgia","Republican",-1.88205429880366,67.905604117939
"514",55.2407329343259,"Iowa","Democrat",0.224781257349098,64.0676717460271
"515",57.5313851237297,"Pennsylvania","Democrat",0.492760446215111,62.0836904441968
"516",49.2610254371539,"Connecticut","Republican",0.205381836829591,62.747284661564
"517",49.8851653980091,"South Carolina","Other",-1.91683487752662,54.6108695771357
"518",51.990468124859,"North Dakota","Republican",0.419560723599163,56.0284269365284
"519",47.6421852037311,"Alabama","Republican",0.12289302962501,63.6264658503364
"520",47.6313946349546,"District of Columbia","Republican",0.145496041964643,64.4781900092257
"521",46.3708540378138,"Missouri","Democrat",1.37158152943707,63.4855882896469
"522",46.590976389125,"Georgia","Democrat",-0.901704948934016,54.4433334302921
"523",49.282533111982,"Utah","Democrat",0.835216285829719,57.9145134224001
"524",48.0623258976266,"Alaska","Republican",1.17603768155345,60.9754045509453
"525",56.2359536997974,"Idaho","Republican",-1.19633953866899,53.2184772181812
"526",42.746777064167,"Kentucky","Republican",-0.63704565243909,54.9980423803828
"527",57.7856235392392,"Texas","Republican",-0.393550347962609,56.8786362065941
"528",50.798608539626,"Alabama","Democrat",-0.033707653946627,62.5036112912409
"529",52.7712560584769,"Arkansas","Democrat",-0.488803777650125,62.7229333189427
"530",57.5798292411491,"Idaho","Independent",0.107645764944633,70.905037561312
"531",49.3946231296286,"New Mexico","Republican",0.964347699125014,56.4856997325144
"532",45.001250077039,"Louisiana","Democrat",-1.5804792159139,55.1188818577063
"533",55.5743470368907,"Florida","Democrat",-0.535273341977568,57.2880983103633
"534",58.8325020996854,"Michigan","Democrat",-1.48841840976081,63.4366182878162
"535",42.1655567316338,"Virginia","Republican",0.114365558724671,56.1873210167089
"536",56.2939772801474,"Alaska","Republican",0.734521624640286,54.6752545214306
"537",59.8389054229483,"New Mexico","Independent",0.232372095200444,49.4057053651933
"538",53.426875132136,"Kansas","Democrat",-0.66200062332064,71.9758166441062
"539",59.3772707926109,"Wisconsin","Republican",-0.324523838351021,64.151464915401
"540",42.6677843835205,"Oklahoma","Republican",0.00848755238291932,61.2193323540807
"541",50.667806211859,"Louisiana","Republican",-0.967003686256071,53.3393755842208
"542",51.5796319767833,"Louisiana","Republican",0.503589102662239,59.9845745359421
"543",53.5527341766283,"New York","Republican",-0.37673475808034,68.0685481688433
"544",59.0375874564052,"Nevada","Democrat",0.887459128658118,52.2806991609522
"545",45.9165189880878,"Utah","Democrat",0.28639072096013,64.9326261540168
"546",51.6700409445912,"New Jersey","Republican",-1.44987129861162,57.2768956644806
"547",42.1401539910585,"Idaho","Democrat",-0.797894283384287,57.9150899249014
"548",59.9406749475747,"Oregon","Democrat",0.325435991766529,56.4974086327348
"549",57.902029119432,"Pennsylvania","Democrat",0.545453476367888,60.5584429563621
"550",40.3430643957108,"Minnesota","Democrat",-0.948687951884848,59.1430538923023
"551",41.3725207839161,"Ohio","Republican",0.928904885109087,55.9654169951852
"552",59.4338335189968,"South Dakota","Republican",2.24810904569286,64.7919946027951
"553",57.9340225318447,"Wyoming","Democrat",1.88112595187427,66.094767379337
"554",50.9519697353244,"Wyoming","Democrat",0.17028110980428,68.3292427982562
"555",42.8319676965475,"Tennessee","Democrat",1.54215401587939,55.259785780957
"556",53.6548589356244,"District of Columbia","Democrat",-0.148892287035975,67.4966138968014
"557",46.7567025404423,"Michigan","Independent",-0.333831335655421,57.4869605994221
"558",40.4951491253451,"New Mexico","Democrat",2.34763802073207,67.5537786505377
"559",56.761013106443,"Alabama","Democrat",1.17549938026153,61.1319868780829
"560",40.6123712612316,"Delaware","Democrat",0.147019334300267,61.3392653414349
"561",59.7746691852808,"Wyoming","Other",-1.26039905457931,61.6384580064412
"562",55.7044448750094,"Alabama","Democrat",-0.790084325351057,66.6466912598064
"563",53.2893424201757,"Rhode Island","Other",1.75418703976112,68.7172739290406
"564",48.3682707045227,"Maryland","Democrat",-0.593395398490301,59.2347689918116
"565",44.0885756863281,"Delaware","Republican",-1.72166842705923,57.3468851284645
"566",49.9006141815335,"Minnesota","Republican",0.596806385074218,56.5514306253504
"567",50.3557323524728,"Massachusetts","Democrat",-0.961829848201858,55.3587521912024
"568",42.8098860010505,"Maine","Republican",-1.18447720587328,57.5709568609606
"569",42.9577212501317,"Washington","Republican",0.912481515155734,55.1407208057323
"570",59.8723332071677,"Hawaii","Independent",0.0547980969488832,61.9363505583166
"571",47.0442129764706,"Idaho","Democrat",-2.02849425121989,60.3310851855007
"572",57.9677958227694,"Alabama","Democrat",0.768088524797516,58.3765263482031
"573",58.0373608740047,"Kentucky","Republican",0.208023868350029,61.6572021009492
"574",59.1012660739943,"Illinois","Democrat",-0.10011277426683,62.4952512183116
"575",58.7674914672971,"Wisconsin","Democrat",1.43775472767469,58.295043465458
"576",51.839841385372,"Mississippi","Democrat",-0.23218598235809,63.0224106435151
"577",57.0162428496405,"Ohio","Republican",0.360311325292613,57.8386637234033
"578",40.3618677379563,"Montana","Democrat",-0.0289666543345384,63.5798512498323
"579",51.2063346896321,"Kansas","Republican",-1.84872537231824,55.7643639666146
"580",40.1401098445058,"Missouri","Republican",1.74719511631638,56.459983128865
"581",50.4056524345651,"New Hampshire","Democrat",-0.422573334520197,52.6811920244507
"582",58.9715440338477,"Arkansas","Democrat",0.603075095894422,63.7049202787204
"583",41.8443991430104,"Alabama","Democrat",1.1546213024263,58.7914735262209
"584",56.1122996872291,"Illinois","Democrat",0.20954566612618,59.3302718032965
"585",44.064229875803,"Mississippi","Other",-1.16378613777587,56.2476178486124
"586",53.1313859950751,"Missouri","Democrat",0.242758653744115,57.1685148890633
"587",53.12171314843,"North Carolina","Independent",0.0174656572034598,63.1951697391935
"588",40.911311279051,"West Virginia","Democrat",0.315998427459316,62.2776717464136
"589",47.7591018099338,"Texas","Democrat",1.16818324952084,61.3993773360641
"590",47.265179338865,"New Jersey","Republican",-1.4156520847869,58.2803949204896
"591",54.2995766503736,"Georgia","Republican",-0.0915159271347387,53.8384076479408
"592",51.4854984497651,"Ohio","Democrat",-1.25617343902563,70.7239967015393
"593",43.6321964301169,"Wisconsin","Republican",0.957065083089273,62.8540953484921
"594",59.0778452949598,"New Mexico","Democrat",1.30966810546149,52.4094890691835
"595",47.7216278202832,"District of Columbia","Independent",0.582741289099097,69.8735283716913
"596",57.8865959122777,"Nebraska","Other",0.518296208057981,57.9261744098227
"597",56.5410791151226,"Illinois","Republican",-1.28579044636028,64.1289798425672
"598",50.6821831641719,"Connecticut","Republican",0.287915671339118,65.7160342583684
"599",52.6804286427796,"Iowa","Democrat",-0.781283582442489,64.2106813567173
"600",42.3528776550665,"Montana","Democrat",-0.661779333125603,52.2231842386739
"601",48.5329946875572,"Michigan","Democrat",-1.91977786272022,70.5208622213946
"602",59.1127990884706,"Michigan","Republican",0.00299984030498819,55.9829871216371
"603",45.9262984013185,"Maryland","Other",1.48985424729606,58.0106498619957
"604",50.8471763832495,"California","Democrat",1.22285776377459,61.8044570816137
"605",53.8158112298697,"Mississippi","Republican",-1.67244124271353,59.3355450205467
"606",52.731468048878,"Indiana","Republican",0.540687267848294,54.0776284213786
"607",41.7411076230928,"West Virginia","Republican",0.233545438038986,63.9877375222959
"608",45.8455981314182,"Rhode Island","Democrat",-0.2016248495037,53.7619043286451
"609",57.0706345839426,"Colorado","Republican",-0.848041647569619,62.6442005257245
"610",40.8523654332384,"New Mexico","Republican",0.590182594959447,57.3761049032214
"611",43.5386098269373,"Indiana","Democrat",0.992745612681663,61.77633050318
"612",47.7902201889083,"Idaho","Republican",-0.0723840053430502,53.5011512406116
"613",46.8804110120982,"South Dakota","Democrat",-0.715613861973405,57.6323457556162
"614",51.085496689193,"Ohio","Republican",0.979340347585334,54.2900867448115
"615",50.4286081297323,"Oklahoma","Democrat",1.42242966311456,62.8059782564115
"616",55.5138155445457,"Wisconsin","Democrat",-1.50801262681477,62.2054948100155
"617",41.0880828741938,"Arkansas","Democrat",-0.896285836274064,68.2666520043614
"618",42.3062980780378,"North Dakota","Republican",-0.326058555001992,61.1935924244086
"619",55.1581596629694,"Connecticut","Other",0.962860195663993,51.7583449151631
"620",49.1970988549292,"Connecticut","Republican",-1.77787526446873,47.8000908548922
"621",46.6639781324193,"New Hampshire","Republican",1.31697904827615,67.9445695805111
"622",50.3303496586159,"Kentucky","Democrat",-2.02220623395353,61.7555925834091
"623",54.9368039751425,"Delaware","Republican",-0.375536632682462,62.2009998349264
"624",48.8102541631088,"Illinois","Democrat",0.423672268241127,62.6972246162182
"625",40.8571757515892,"West Virginia","Democrat",1.21194565051538,59.5576595249566
"626",45.454815463163,"West Virginia","Republican",-1.19692025460507,60.5394981969338
"627",57.628345778212,"Indiana","Democrat",0.388763033316725,61.8646692373879
"628",42.5848755054176,"Utah","Democrat",-1.15475053170156,57.7931097354453
"629",53.1153797637671,"Maryland","Republican",-0.818535626699283,57.1945735984875
"630",52.6450417423621,"Virginia","Republican",1.3444146087083,55.8496889837631
"631",52.1875425614417,"Wyoming","Republican",0.144143657212713,56.4955754065463
"632",52.4110618978739,"North Carolina","Republican",1.59051409514541,53.368641660598
"633",53.857712619938,"Washington","Democrat",-1.8164972335648,67.2469060252931
"634",57.8956447308883,"Illinois","Democrat",0.106102533833014,65.4564510094958
"635",41.1390494927764,"Mississippi","Democrat",-0.66265291498653,66.6982087640374
"636",47.5073265004903,"Rhode Island","Republican",-0.673024168055793,67.9564636282058
"637",59.9865829152986,"New Hampshire","Democrat",1.70936017046535,54.8470474248346
"638",55.8510437840596,"Pennsylvania","Republican",-0.193107967830312,54.4526278034664
"639",53.30581930466,"District of Columbia","Democrat",0.99791767831019,55.8190405435465
"640",55.3694157442078,"New Mexico","Independent",-0.705677386378868,63.786675903734
"641",41.6072652116418,"Kentucky","Democrat",0.649022620254139,55.670196859344
"642",44.6727530658245,"Maine","Democrat",0.205143003713753,64.8839516891667
"643",51.9823073036969,"Nebraska","Republican",-0.0966046435721204,59.7362093053899
"644",40.9685192583129,"Oklahoma","Republican",-1.14591546109816,65.3984434111475
"645",51.6137236729264,"New Jersey","Republican",0.524264128668096,57.5749381609271
"646",46.6370387468487,"North Carolina","Republican",-0.301839090084687,64.209586578487
"647",57.0348605746403,"New York","Democrat",-0.530690420648966,57.2676929506935
"648",43.2945333980024,"Arizona","Republican",-0.212511291487627,57.6318959833594
"649",52.2351874085143,"Maryland","Democrat",-0.910085814052879,66.508966612723
"650",51.9041900383309,"North Carolina","Democrat",-0.928970301083259,56.8525893566469
"651",42.9922275291756,"Virginia","Independent",-0.157061123907589,54.3248322442462
"652",51.6500434232876,"New Hampshire","Republican",-0.204077738318329,61.4665479783511
"653",41.433846289292,"Kentucky","Democrat",0.477500864652004,52.2775845481574
"654",41.4004264399409,"Oklahoma","Republican",0.271974663664692,61.1725906934822
"655",40.8071536151692,"Texas","Republican",-0.102236493896789,59.1442466429361
"656",54.5724910218269,"Montana","Democrat",-0.626163527071444,55.0779575606722
"657",56.2593228975311,"Pennsylvania","Democrat",0.899190914041623,62.8536193860521
"658",52.4029009742662,"Vermont","Democrat",-0.0966091761878687,56.2403462705391
"659",51.2333506951109,"Indiana","Republican",-1.33982292908263,54.7299263329964
"660",58.2712153811008,"Florida","Republican",1.5022759862011,66.0294538594079
"661",50.3490125667304,"South Carolina","Democrat",0.545886063324562,59.7512697093658
"662",59.6252210438251,"North Carolina","Republican",-0.0570612154917566,68.8401823160548
"663",49.8094498785213,"California","Democrat",0.952981210574064,57.1976347891499
"664",44.7036432195455,"Washington","Independent",-0.622391542608021,64.6519790661446
"665",41.2045476213098,"South Carolina","Democrat",-0.930403555757371,63.5251780696264
"666",44.4925476098433,"Montana","Democrat",0.207344233432798,67.6467524531754
"667",54.4233229244128,"New Mexico","Republican",0.466561654500209,59.1696810463609
"668",59.1392630618066,"North Carolina","Republican",0.649990476356627,60.1573505249468
"669",50.2989453263581,"California","Republican",-1.07207993787759,69.569162001277
"670",43.3181364042684,"Iowa","Republican",0.907363275949809,64.8243469943372
"671",49.5733434380963,"Vermont","Republican",0.356912270865349,62.1375629992514
"672",59.2299470538273,"Hawaii","Democrat",-0.197547971896105,62.4914720115076
"673",58.9019294036552,"Maryland","Republican",0.267173720891604,54.0301745596656
"674",49.3907876778394,"Michigan","Republican",1.59501730162168,59.9163650276687
"675",40.5505879689008,"Wyoming","Other",0.361526277861845,59.1367893607628
"676",54.4984263787046,"Texas","Democrat",-0.933281768878622,58.8545727896934
"677",46.9826719211414,"Louisiana","Democrat",0.616765931319735,69.1121361230463
"678",49.3020255165175,"North Dakota","Democrat",-0.562071896684905,59.3363100199584
"679",41.9232804095373,"South Dakota","Republican",-0.208926418430761,54.0077409982686
"680",58.2236003689468,"California","Democrat",2.36716151640427,50.7034544597493
"681",46.9417705666274,"Florida","Republican",-0.598030713495567,59.8390379670642
"682",49.7347421757877,"Iowa","Republican",0.635680029630226,55.339118870125
"683",40.6347639020532,"Texas","Republican",-1.15133595826792,63.5660802448182
"684",58.4458266478032,"Mississippi","Democrat",1.58233215851437,53.5560677031626
"685",49.6497253375128,"New Jersey","Democrat",0.917738352120167,58.520752353023
"686",59.2311171349138,"Maryland","Other",-0.210154338258664,66.5426463714259
"687",41.4515165425837,"South Carolina","Democrat",0.305179356348962,52.965739979919
"688",49.9728745268658,"Massachusetts","Democrat",-0.329249870604275,61.6522661484325
"689",54.6818947978318,"Illinois","Republican",0.796626478276031,55.4718181332773
"690",56.1939789820462,"Utah","Democrat",1.5259703069327,57.334685647813
"691",46.1681335512549,"Tennessee","Republican",-0.0943934765089917,64.4024505899643
"692",54.4310731673613,"Colorado","Democrat",1.63503941961723,56.9834116500508
"693",49.4196190033108,"Oregon","Republican",-0.835464658795261,54.2703616925635
"694",41.9768805475906,"California","Republican",-0.693268691629382,42.8024323062699
"695",47.2422345727682,"District of Columbia","Independent",-0.496755980980888,61.6006820674752
"696",49.9710625596344,"West Virginia","Democrat",-0.0246358998978049,62.5637851077767
"697",57.9195173690096,"Illinois","Republican",-1.73746290348031,63.6879643738941
"698",48.8854583539069,"West Virginia","Democrat",-1.05125648666587,55.2755631028691
"699",46.8062817305326,"New York","Democrat",0.247983492379783,68.0718230044745
"700",40.3243881091475,"Ohio","Democrat",-0.573480503549772,53.484695956675
"701",42.7012918516994,"Maine","Republican",1.06161803709205,64.1507610649102
"702",57.6317086163908,"Missouri","Republican",-0.142603504641053,61.1615790403349
"703",50.8895648689941,"Kansas","Democrat",-1.36254017237117,48.922267558504
"704",56.2507933238521,"Utah","Democrat",-1.07708688222879,62.17266781101
"705",47.7101432159543,"Mississippi","Democrat",-0.173782192314704,60.3312541922557
"706",57.5567787094042,"Alaska","Republican",0.00914293811994268,58.5376948529811
"707",51.0143611207604,"South Dakota","Republican",-1.21336253150762,62.3678070359247
"708",45.5192197440192,"New Mexico","Democrat",0.234063930509426,55.9947512132349
"709",56.6349001554772,"Maryland","Other",0.441833029952012,60.4931483664149
"710",50.3314865333959,"West Virginia","Republican",-1.24356705623112,53.1016004009876
"711",55.3952392516658,"New Hampshire","Republican",0.921415165597122,57.1799005158611
"712",42.6190795004368,"Ohio","Democrat",0.996721537667796,60.2331483048575
"713",53.9025582373142,"South Carolina","Republican",-0.290602924501869,46.6882697042894
"714",56.5739985927939,"Louisiana","Independent",-1.36289240298437,55.7415384308518
"715",56.6366732912138,"North Carolina","Republican",0.798116046385114,61.5554026982983
"716",47.5705115264282,"Massachusetts","Democrat",-0.775106744345745,58.3125183145777
"717",46.3974045356736,"New Jersey","Republican",0.646854812524768,56.4781775749957
"718",53.7004053220153,"Pennsylvania","Democrat",1.41434343513687,55.6280531523666
"719",43.6682938830927,"Connecticut","Democrat",0.709978027673935,65.9939363938494
"720",54.8725553089753,"Georgia","Republican",-1.17838740257408,60.5862744721066
"721",42.7644942048937,"Hawaii","Democrat",0.11870059726953,60.4563319821832
"722",45.6806869246066,"Kansas","Republican",-0.198769765783126,67.0649778920792
"723",45.9890765324235,"Virginia","Republican",-0.424391791044793,48.6360571066817
"724",46.7748074838892,"Rhode Island","Democrat",0.09321934415323,59.3935848829159
"725",41.2892823200673,"New York","Democrat",-0.486050295547382,49.2341554870565
"726",56.1331454245374,"Tennessee","Republican",-0.37236339500296,61.9093001687968
"727",51.9012233708054,"Oregon","Republican",-0.0683983715102387,57.3871658361131
"728",48.998780627735,"Michigan","Democrat",1.45460645395858,66.6665821558402
"729",50.5192482797429,"Georgia","Democrat",0.714336776409228,70.3406805064496
"730",42.0291934115812,"Louisiana","Republican",0.096001580368291,54.0232113713985
"731",51.3259904459119,"Nebraska","Democrat",-2.09999321052997,70.2398930559935
"732",43.7855222448707,"Nebraska","Democrat",-1.04482501210643,68.5918510335583
"733",49.9961457308382,"North Carolina","Democrat",1.57279168923807,67.9593668619928
"734",53.367080418393,"Illinois","Republican",-0.542152836719385,62.333455958758
"735",56.7652742238715,"Michigan","Democrat",-1.04674210046352,52.8293668713778
"736",57.3384443623945,"North Carolina","Democrat",0.714595793169863,63.111561012207
"737",55.2904840838164,"Colorado","Democrat",1.72773304228827,61.7461398971564
"738",54.5416341442615,"Hawaii","Democrat",0.828737474418069,67.4547193165984
"739",46.0670569818467,"Maine","Republican",0.739863488751818,64.6747286452485
"740",48.7265668343753,"New Mexico","Democrat",1.19186161362451,59.9803749838717
"741",44.2805308615789,"Hawaii","Republican",-0.142370646569946,53.9803649266908
"742",55.9074639389291,"South Dakota","Democrat",0.229417110629049,54.0045110600246
"743",44.1368649527431,"Montana","Democrat",1.40696713118903,63.4126959254956
"744",47.7749811438844,"West Virginia","Democrat",0.58574192163936,60.0494543738378
"745",56.4956287201494,"Arkansas","Democrat",0.776002363807773,57.8363581267409
"746",55.9004450822249,"Iowa","Republican",-2.0598334351457,66.6233042085365
"747",59.860076867044,"Iowa","Other",1.3319891072087,51.8724861344189
"748",53.2533465139568,"Indiana","Republican",0.613598424124757,64.0168214560714
"749",46.6706363670528,"Iowa","Democrat",-0.587783429518604,61.0444467627648
"750",59.5041947579011,"Iowa","Republican",-0.483907777196784,61.567618962229
"751",48.2900270633399,"Florida","Independent",1.89499763112453,66.6130199027989
"752",46.7271667486057,"Florida","Democrat",0.598145991565314,63.3319377338977
"753",49.767929748632,"Mississippi","Democrat",-1.47505239466404,61.9691350263129
"754",50.4440825013444,"Colorado","Democrat",-0.388916757957341,74.0955088649943
"755",40.8570212172344,"West Virginia","Republican",1.03457703428595,64.0679645824622
"756",46.556284786202,"Wyoming","Republican",-0.669974252174607,51.8681669298392
"757",51.2254249071702,"Texas","Republican",-0.491454320710679,63.5685021682124
"758",48.2675993908197,"Nebraska","Republican",-0.253731100855056,58.9836969184772
"759",52.0414192508906,"Wisconsin","Democrat",0.60956569858106,55.3404361786358
"760",51.0341710969806,"Indiana","Republican",0.338206008285763,69.995316857309
"761",55.9935888042673,"Hawaii","Other",-1.625758198598,58.4489076296619
"762",46.0085810022429,"District of Columbia","Democrat",-0.0929933427735082,60.7648249002845
"763",52.0460784388706,"West Virginia","Republican",-1.06377098859938,62.6234860161254
"764",40.3009009128436,"Texas","Democrat",0.953560482668529,57.2033393873931
"765",57.7710462780669,"Georgia","Democrat",1.16788920388933,59.0895322686591
"766",57.8025796683505,"Colorado","Independent",-0.171160207124584,59.9438557519648
"767",49.7814735630527,"New Mexico","Democrat",-0.0874779488551603,55.9578185197987
"768",43.1850570067763,"Oklahoma","Republican",-0.213154075812523,62.1803790534308
"769",52.6911511458457,"Georgia","Democrat",0.617566283162581,63.368664502674
"770",43.950293045491,"Vermont","Democrat",-0.368567880635047,54.4315028232332
"771",44.7992318822071,"Maine","Democrat",-1.03939128690002,63.3681232313587
"772",51.4002624107525,"Colorado","Democrat",0.0307834490945249,58.2895277938177
"773",55.222612018697,"Nebraska","Democrat",-0.848457408792662,56.3116036572165
"774",40.6951778940856,"Rhode Island","Republican",0.0131481773380307,59.0922553819582
"775",50.7058671722189,"New Jersey","Democrat",1.6648692738969,60.0853411645614
"776",53.2478752313182,"North Dakota","Democrat",-1.0421888617149,59.8030759309984
"777",47.2609829762951,"Arkansas","Republican",-1.36981558127501,65.9039691581362
"778",58.3133400510997,"Delaware","Democrat",-0.94207924362254,56.3187384908452
"779",43.4661975735798,"South Carolina","Independent",-1.05867413014519,61.8816047737202
"780",45.7301195478067,"Florida","Democrat",0.387587234483423,45.684848627455
"781",55.832301415503,"Alabama","Democrat",-1.39574947004048,60.1745562482201
"782",42.4305882165208,"Maryland","Republican",-0.0373496634253829,53.3063832590027
"783",46.6665479028597,"New Mexico","Democrat",-0.340406676429152,59.3395749218962
"784",51.9209179375321,"Florida","Democrat",1.00378710261604,56.618890782345
"785",45.3156835399568,"Louisiana","Republican",-0.985258865508086,56.5596149244057
"786",57.6642249152064,"New Jersey","Democrat",-1.16671717317303,58.0896875357494
"787",44.7178263170645,"Montana","Other",-0.0745036639286003,57.2547478699607
"788",41.2156091770157,"New York","Republican",-0.95037780535901,60.1367394282629
"789",58.6971194297075,"Idaho","Other",-0.991554307822047,66.6928040536977
"790",50.5097577907145,"Illinois","Other",0.730450969357595,59.938209013839
"791",57.2395177418366,"Massachusetts","Republican",-0.124391333522401,71.5512869745418
"792",46.1971030663699,"Wisconsin","Democrat",0.0415872890252959,69.9852133978094
"793",44.4464816758409,"Ohio","Democrat",-0.96550331560383,58.9361033497317
"794",53.441976448521,"District of Columbia","Republican",-0.216592252592587,54.0004680720677
"795",59.4883556477726,"Wisconsin","Republican",1.99757940555501,62.5098043439578
"796",50.7172086555511,"Rhode Island","Republican",-0.223433588901163,58.5225657904693
"797",59.8830718593672,"Idaho","Democrat",0.335710150001689,51.8444466217105
"798",47.3563442286104,"Alaska","Independent",-0.0333566544809821,62.6121152382459
"799",59.3100447719917,"Colorado","Republican",-0.646742956010096,52.958545174528
"800",49.24620449543,"Maine","Democrat",3.52007283259736,53.8961226854101
"801",45.0369013287127,"Montana","Republican",0.244906426217381,56.1458014744679
"802",52.8794959839433,"Colorado","Republican",-0.269626317117109,59.0746080554054
"803",59.2620856268331,"West Virginia","Republican",-0.274636770972237,52.2945851147259
"804",58.3702453924343,"Utah","Republican",-1.45205942589502,64.5170948937714
"805",58.4174233721569,"South Carolina","Democrat",0.108611763999616,65.787580994967
"806",48.7882745265961,"Louisiana","Republican",0.303957457841563,61.4098933038727
"807",58.419253421016,"Georgia","Republican",0.0763841699646242,65.9716503233463
"808",57.2802633792162,"Rhode Island","Republican",0.585235706733487,67.7840010144905
"809",41.6124872909859,"South Dakota","Democrat",0.645469632347477,58.464938269611
"810",51.4788688067347,"Arkansas","Republican",-0.662713598858023,59.4783026626891
"811",47.4171418650076,"Vermont","Republican",0.942971598863424,68.4487192087112
"812",55.4471510555595,"Delaware","Republican",-0.383321363166708,66.7987528740106
"813",48.2037313375622,"Indiana","Republican",1.40372507216726,62.9802076927896
"814",43.8660749839619,"Louisiana","Democrat",0.224859071648891,61.4227301239276
"815",55.1898246491328,"Georgia","Democrat",-0.695526649193915,67.8062320549307
"816",52.4715646449476,"Kentucky","Democrat",1.58349762966332,52.8715338451785
"817",59.7182777430862,"Michigan","Republican",-0.294562544219488,57.254418468342
"818",50.6453187251464,"Wisconsin","Republican",1.39233017353537,57.9587194393836
"819",56.9174203462899,"Maryland","Democrat",-0.504933138684876,56.0593229574722
"820",41.2810519291088,"Michigan","Republican",-0.122933938683544,61.0884645827184
"821",54.2690843436867,"Georgia","Democrat",-1.03936726980096,64.6959804461503
"822",59.7564706066623,"Louisiana","Democrat",-0.511010251120202,58.0740101733991
"823",53.5963215539232,"Kentucky","Democrat",0.00532503631940556,61.6100411495039
"824",58.6599355330691,"Missouri","Democrat",-0.366168299460917,61.3328043548954
"825",43.0805359221995,"Kentucky","Democrat",-0.357222515641447,64.2215856619372
"826",46.8252362450585,"Utah","Democrat",-0.09999990041936,60.5608434922157
"827",48.0737807555124,"Kansas","Democrat",0.796778087957815,57.7669228317754
"828",58.378990883939,"Florida","Democrat",1.36008318846861,57.4363609070287
"829",41.5002658637241,"Nevada","Republican",0.168987648439014,47.7141129766279
"830",58.4369732066989,"Texas","Republican",0.314755317335591,61.4827500203476
"831",42.137145595625,"West Virginia","Republican",1.29636748603116,64.2065249188017
"832",47.6316047413275,"Louisiana","Democrat",-0.828712226831702,55.4799122090596
"833",58.3666835911572,"Iowa","Democrat",-1.04767388872839,58.0863276770735
"834",55.4884292278439,"Arkansas","Independent",2.34575918539164,54.7739052207878
"835",46.2539923051372,"Connecticut","Republican",-0.014926388871539,60.6639790447236
"836",52.8519452735782,"Missouri","Republican",-0.470395167490178,60.0366285427736
"837",59.5278000598773,"South Carolina","Democrat",0.598194074660734,60.7977850683376
"838",50.7654601056129,"Mississippi","Democrat",0.106389947034224,62.3573417030188
"839",44.5911844959483,"Arkansas","Republican",0.308929740932146,62.7018494617115
"840",55.3823016770184,"South Dakota","Democrat",0.127566243778223,55.1704626582007
"841",42.8887814190239,"Pennsylvania","Republican",1.23293686650882,61.9583187935131
"842",43.3259785594419,"California","Democrat",0.535726513335082,59.5348781273018
"843",50.2878889953718,"Connecticut","Other",-0.225424160431605,65.861072704695
"844",48.8806503638625,"Maryland","Republican",0.726424861124945,61.9339130698
"845",47.2879099939018,"Rhode Island","Democrat",-1.07992612041364,56.8728119677795
"846",55.4801250062883,"Oklahoma","Democrat",0.857621965508695,57.2774452801539
"847",54.5547484885901,"New York","Democrat",-0.419108563063565,58.7005472319787
"848",46.9700819207355,"Ohio","Republican",-1.41496685842961,56.8619677064564
"849",53.1943169143051,"Pennsylvania","Republican",1.71619927049084,58.8568390653354
"850",54.5095727080479,"California","Republican",-1.72460910803704,64.4095675165485
"851",56.5978466020897,"West Virginia","Democrat",-0.150132873366925,59.9186928184151
"852",53.354755602777,"Ohio","Independent",-1.39573032080353,56.1761730452737
"853",56.3970408169553,"California","Republican",-0.148345626808452,54.7928330810465
"854",51.6624653525651,"Nevada","Republican",0.338463968518615,68.1988257152805
"855",50.5289315059781,"Connecticut","Democrat",-0.0519872199856252,57.9788814391527
"856",55.8533350331709,"Illinois","Democrat",0.857953496331257,61.9691947177432
"857",54.1378262219951,"New Jersey","Democrat",-0.79177685704872,58.6726062512504
"858",49.8041077703238,"Wyoming","Republican",1.325104261394,56.6301435286629
"859",40.9782718773931,"Nevada","Republican",0.087481974420163,55.0435028803941
"860",47.8995916899294,"Virginia","Democrat",-0.614917061938186,57.9699051388665
"861",41.6562306694686,"Texas","Independent",-0.944259390963639,60.6217110010645
"862",46.3330139499158,"Rhode Island","Democrat",1.23105734886816,56.9842804672878
"863",55.6735123088583,"California","Republican",-0.949822192137247,53.0085377211061
"864",50.6929463380948,"Illinois","Democrat",-0.480275090681713,54.5361675891625
"865",57.1119920304045,"Mississippi","Republican",-0.404122958159743,63.9460956067011
"866",53.1924547022209,"Nebraska","Democrat",0.0829511692782752,62.1190696150808
"867",52.3598997108638,"Georgia","Republican",0.745352978485501,61.1513568878747
"868",45.2194721624255,"Minnesota","Democrat",0.871286571473781,63.0811217924227
"869",58.2268047193065,"Delaware","Republican",0.953059199583224,60.4035322110931
"870",42.2438853885978,"Maine","Democrat",-0.409244627657283,62.1110522209831
"871",57.0036196522415,"Ohio","Democrat",-1.01754664750174,55.3432768641367
"872",53.0370340822265,"Nevada","Republican",-0.361317809935073,62.1364144500674
"873",56.1818942241371,"Oregon","Democrat",-0.11505461979857,55.5466275560968
"874",54.375056414865,"Idaho","Republican",0.480730003250338,58.430905248537
"875",57.5212332652882,"Washington","Republican",1.92670938147676,54.6815766446687
"876",54.7718197153881,"Virginia","Democrat",0.655089768327946,49.1370906857098
"877",51.3675236795098,"Minnesota","Republican",-0.0537131369144886,47.6898184146599
"878",42.6172271883115,"District of Columbia","Republican",-1.20660845965464,59.0345990903094
"879",42.7262261183932,"New Jersey","Democrat",-0.306586824839551,58.9829694941668
"880",40.6435393402353,"Nevada","Republican",1.5067361189573,64.8554929846865
"881",48.3581267716363,"Washington","Other",0.827618124269301,61.5998413410072
"882",58.6518211569637,"Vermont","Democrat",1.23594524706809,66.3705412484263
"883",58.9666236145422,"Alaska","Democrat",-0.0339471380708917,60.8550765453774
"884",47.3519562324509,"Illinois","Republican",0.337420791724512,57.3317533850271
"885",57.5517473230138,"Wyoming","Republican",0.778842596698457,66.5831423325942
"886",46.6083020623773,"Alaska","Republican",-2.4420907684895,54.789155930693
"887",41.2834559800103,"Tennessee","Independent",-0.761716932438011,59.0128431236812
"888",57.8991292556748,"Arkansas","Republican",-0.255312236108883,59.8033579677472
"889",58.0082786362618,"Michigan","Republican",-0.494389753442794,61.0459962586083
"890",42.6357980864123,"Utah","Republican",-0.390806596347985,55.0239735888939
"891",41.3475406775251,"Mississippi","Democrat",1.11908734578075,57.6402090593157
"892",49.4084403058514,"Iowa","Other",-0.495913164554557,53.0955703552961
"893",45.0024570059031,"New Jersey","Independent",1.57715616928422,65.7676790554445
"894",53.970835050568,"California","Democrat",-0.195091917019005,61.5204368557959
"895",45.6025311630219,"Wisconsin","Republican",1.35708761929259,57.6154471920517
"896",55.882869833149,"Washington","Republican",2.18608169371265,61.1885965851393
"897",51.3143935566768,"New York","Democrat",-0.297377961086415,54.7191141910863
"898",41.1325637297705,"Tennessee","Other",-1.43438693732411,52.6500605159703
"899",44.9660601001233,"Oregon","Republican",-0.17702341205118,63.2668075327463
"900",42.3502145474777,"New Hampshire","Republican",-0.914029407268961,63.6256979318118
"901",46.0783393774182,"Delaware","Republican",-1.01385378488703,62.8198602698556
"902",45.9659650921822,"Ohio","Republican",1.15799456883829,57.5704524526405
"903",55.2900265902281,"Virginia","Independent",0.489387243130474,60.7643862827898
"904",40.5589709850028,"New York","Independent",-0.117169569791298,59.4106808843646
"905",58.8765472033992,"New Jersey","Republican",0.0660741379616699,61.7190398225553
"906",43.7989349104464,"Montana","Republican",0.304452025601057,56.5066732466095
"907",45.7502931077033,"New Hampshire","Republican",-0.173966982585628,55.8197248010338
"908",42.004838003777,"Hawaii","Republican",-0.491935039495666,56.6730058232587
"909",59.915413451381,"Delaware","Republican",-0.0826948849374741,59.7733585320986
"910",51.0283755324781,"Connecticut","Democrat",-0.290264292532958,52.3897791216601
"911",41.6120183188468,"Wyoming","Democrat",1.55057959540167,59.970499059068
"912",41.1163746891543,"Virginia","Democrat",-0.493688348442217,54.6856640747456
"913",41.0007624840364,"New Mexico","Republican",-0.58635472416133,58.300495721931
"914",42.8233844367787,"Connecticut","Democrat",-0.998292570496933,52.0895884896963
"915",41.4496459532529,"Oregon","Republican",1.04124488566314,58.1221051561083
"916",47.6217201258987,"Colorado","Democrat",0.417289914984653,56.9382921464629
"917",59.6277046948671,"Kentucky","Democrat",-2.1544271584849,68.1616667363465
"918",52.5666867010295,"West Virginia","Republican",-0.707631663241355,58.8683200804793
"919",57.5625779805705,"Alaska","Democrat",0.128169212948755,54.4196130986186
"920",42.3911881260574,"New Hampshire","Republican",0.2237818782666,58.7414954119915
"921",52.955763512291,"Arizona","Republican",0.688833105480929,50.738263914646
"922",44.0379533264786,"Ohio","Republican",0.267821888037792,62.8932631129681
"923",46.8760970840231,"Montana","Republican",0.744951573011435,64.3217633021895
"924",53.250804496929,"Utah","Republican",0.530663416763473,61.2394867858578
"925",54.1515109874308,"Arkansas","Republican",-1.71319194253288,58.1474709574106
"926",45.733641218394,"Pennsylvania","Democrat",-1.31234239965066,55.3142482449319
"927",54.6475772373378,"Alabama","Republican",-0.451405113143177,58.4739444135685
"928",51.4890443906188,"Kansas","Democrat",-0.598311676680048,72.2072760667706
"929",59.9776316387579,"South Dakota","Democrat",1.47047035960327,67.133171985882
"930",40.7108649611473,"South Carolina","Independent",0.541966756187221,63.4561242269118
"931",40.2411944046617,"Kansas","Republican",0.744122179087419,61.3278967293735
"932",54.8179474286735,"New Hampshire","Republican",-0.0641634648974514,53.1654914436874
"933",48.1442405004054,"Pennsylvania","Republican",0.337341775239092,69.851241578953
"934",41.1760179745033,"Virginia","Democrat",-0.0314041725177567,59.5982300034358
"935",50.7711216574535,"Massachusetts","Republican",-0.348197086347329,58.8885513300747
"936",55.1651048613712,"Pennsylvania","Democrat",-0.689279431198539,45.0538249912046
"937",56.0411648778245,"Illinois","Republican",-0.833911584296365,58.326320023574
"938",55.1945598656312,"Texas","Republican",0.539352770716767,54.9972749183049
"939",54.8026327043772,"Minnesota","Democrat",-0.974665718892155,62.663360823267
"940",51.5947617869824,"North Carolina","Republican",0.107530523830358,56.2129895207769
"941",54.4089128822088,"Washington","Republican",0.730673163314925,59.5852484794015
"942",41.1425128672272,"Arkansas","Republican",-0.676339131321449,59.0422302594225
"943",48.7363307736814,"New Hampshire","Republican",1.0941839853385,65.5040714812364
"944",40.6406510761008,"South Carolina","Independent",0.0405337076977169,63.2973980395495
"945",55.4404075304046,"Arizona","Republican",1.3749525936322,58.5144233896909
"946",46.5267002815381,"New Mexico","Other",0.457035371256515,60.3864113278378
"947",57.4237449513748,"North Dakota","Independent",0.503153113803423,52.4630952908001
"948",48.3995519019663,"Missouri","Republican",1.04152708998434,58.3082073649908
"949",43.3728112187237,"District of Columbia","Democrat",1.35763225080576,66.3407761147307
"950",56.1296066548675,"Texas","Democrat",-0.409206701524573,58.631020288768
"951",45.0148471817374,"Kansas","Democrat",-0.0140946917786296,57.0632969503407
"952",57.7159079583362,"Arizona","Democrat",0.446020028672234,61.2359062567867
"953",51.9527914328501,"New Hampshire","Democrat",-0.807807165445138,64.8115582588109
"954",42.5887651136145,"Virginia","Democrat",1.37667654597087,54.5843927111266
"955",53.6844046041369,"Kansas","Democrat",-0.625829737856179,61.9579339763497
"956",55.9201971115544,"Mississippi","Democrat",-0.566756220679678,59.3936977710755
"957",56.5334052965045,"California","Republican",-0.35664176166302,58.3291742985663
"958",45.3533139592037,"Utah","Democrat",-0.0399491299650084,60.3731175555077
"959",47.1051829354838,"Kentucky","Democrat",1.73165563335712,65.6908902557657
"960",58.1345114018768,"Louisiana","Democrat",0.560685964767176,63.3276701415806
"961",40.4666696349159,"New Jersey","Republican",-0.0263242520303882,58.8149976088945
"962",48.7257385626435,"Indiana","Republican",-2.04280260703919,64.9671318389369
"963",56.0353161999956,"Pennsylvania","Republican",-1.18843441906164,54.1575942091239
"964",54.8596052220091,"Vermont","Democrat",-0.961344466059267,61.1150675485514
"965",56.5355513617396,"Nebraska","Democrat",0.749440740950311,60.4975862053733
"966",51.2683266680688,"Colorado","Republican",1.88207200920619,56.6818832298313
"967",45.4606109345332,"New Jersey","Democrat",-0.30922697700259,55.5304473225633
"968",55.0449679605663,"Missouri","Republican",1.03987832532,60.87627080438
"969",57.9637452540919,"South Dakota","Democrat",1.0506268028091,58.7495396917032
"970",44.9904350750148,"Arkansas","Democrat",1.11710462521832,64.8675514907189
"971",58.0244985502213,"North Carolina","Republican",-0.291423488835689,60.6136648453357
"972",56.7541853198782,"Missouri","Democrat",0.669368011948195,66.7540617556121
"973",46.6759599326178,"Idaho","Democrat",-0.336490666316152,61.8171295072878
"974",40.5318637099117,"Florida","Republican",1.88555372881977,66.2154261937909
"975",42.0135240256786,"Montana","Democrat",0.671427474536514,58.6119036136983
"976",50.2655700873584,"Alaska","Republican",1.31990193525492,63.6165858553131
"977",49.9393301922828,"New Jersey","Republican",-0.102440338248065,52.6128993068829
"978",48.5623296210542,"Virginia","Republican",-0.528743672607808,57.0565195012726
"979",52.3078131116927,"Hawaii","Democrat",0.848118442438624,54.8574740400623
"980",41.1429486935958,"California","Democrat",0.852482029296759,61.7696774351885
"981",59.6203522570431,"Iowa","Democrat",-0.579172027761373,59.3873854300349
"982",58.2888011727482,"Rhode Island","Republican",1.10490406778346,60.1990186922302
"983",57.1012220624834,"New Jersey","Democrat",-0.634995286407188,58.4859162511951
"984",41.1785088386387,"New Jersey","Democrat",0.721233787751352,63.9377487268198
"985",45.0073797162622,"Georgia","Republican",0.904789099147951,54.1690558714509
"986",40.2207710267976,"Alabama","Democrat",-0.21309086959873,56.8846793404247
"987",42.3552879504859,"Maine","Democrat",-0.0398049370373811,67.8556970079618
"988",58.7087385216728,"Louisiana","Other",0.149935268883319,67.4100273775143
"989",50.8311254344881,"Tennessee","Democrat",1.00329919404858,57.2749957806932
"990",57.8523653559387,"Oklahoma","Democrat",-0.230424392320788,59.4465359837736
"991",48.0774571700022,"Alabama","Republican",1.46007136125315,60.2516110292061
"992",47.67338427715,"Kansas","Democrat",-1.11409231470504,66.9238959338341
"993",53.7520023621619,"Nevada","Republican",-0.128964877989095,68.927095400699
"994",56.9545066962019,"Tennessee","Republican",-0.479920594851002,54.0720246116153
"995",50.9574420703575,"Oklahoma","Independent",-0.215168108039818,67.9968985450579
"996",49.3057469371706,"Utah","Republican",-1.36039434535114,60.7763063549498
"997",43.2815416809171,"South Carolina","Republican",0.127794005901439,50.7424828203317
"998",54.2971828160807,"New Jersey","Republican",0.402047747307822,70.2261294785193
"999",54.7889860812575,"Florida","Democrat",1.69557813471622,54.8422597527826
"1000",50.4914865782484,"Indiana","Democrat",0.900870331244581,52.7411650931966
