poll_average,state,party,economic_factors,voter_turnout
47.18994142021984,Iowa,Republican,-0.13165767957226718,54.474542687181355
42.40213388111442,Colorado,Democrat,0.26089483676406766,56.140294059266346
49.67576893046498,Maryland,Democrat,-0.8602694177585892,64.4775635521355
46.31729345303029,Indiana,Democrat,0.49730988586927166,60.32420351409844
40.7472277013585,South Carolina,Republican,0.20962027817601286,56.89204184542873
48.077684389427304,Virginia,Republican,0.4703545159661963,71.39921437670142
42.61682713404298,Illinois,Other,2.2170042796639353,62.58947925753009
44.85251812264323,Michigan,Democrat,1.1137334104620975,58.95899911781987
43.15965096466243,Rhode Island,Democrat,-1.3293339470969412,55.68166365628804
43.77548648044467,Connecticut,Democrat,0.4620011458793149,58.10887469934014
59.24383101053536,Minnesota,Democrat,1.056342239169034,68.96363463966716
54.4538032496348,Maryland,Republican,1.5288322001627304,63.51249513321331
41.6505842236802,District of Columbia,Independent,-1.3564763006482257,43.293478331464755
42.075962014496326,Oklahoma,Democrat,-0.011154844544043798,64.75745458531782
46.188400709070265,Oklahoma,Republican,-1.0014302166419096,53.59485670965543
40.7135604089126,Iowa,Democrat,-1.4886736319974219,63.51065243995653
45.76851493213326,Kentucky,Democrat,-0.09809208933342549,50.27182423939844
48.379760421812534,Kentucky,Democrat,-2.465953596082078,57.272061182336074
44.09722287673503,Oregon,Republican,-0.4383125113656727,54.96304942335357
42.92124576866627,New Jersey,Republican,-2.6007705396913,60.69752748943595
59.04838657472283,Massachusetts,Republican,-0.2554486527134456,62.68514998658923
41.17279527243227,Massachusetts,Other,0.5460808393984645,58.497620112722856
44.9526117509231,Montana,Other,-1.1474406891830184,61.317894013213895
51.60498149693012,Tennessee,Republican,-0.4918868604602488,55.507861630477144
50.51983255427331,New York,Republican,-0.9223876840627316,59.84949333984738
48.18843424320221,Minnesota,Republican,-0.2187861069283745,55.28641609275874
47.94972454663366,Missouri,Republican,0.8614464647233886,57.587537200535124
45.04052549600601,Ohio,Republican,0.06051444783521882,53.18378555704155
52.578503298573196,North Carolina,Republican,-0.41691938546038987,67.01580752387079
57.14619026519358,Connecticut,Independent,0.14527426598391868,67.49349761938545
46.621362338773906,Missouri,Republican,-1.4105150507400943,66.23798702392705
53.58001728542149,Arizona,Republican,-0.3178453717984968,51.06533202381341
47.46779379900545,Georgia,Democrat,0.10031653564980407,61.60272155312978
45.97099954728037,North Dakota,Republican,0.6862327994125628,62.505658053018855
50.91202008072287,Idaho,Republican,-0.38345770979935745,68.86632719738905
51.60473110154271,Nevada,Republican,0.461711998331444,63.4359664036504
56.00431468337774,Arizona,Democrat,0.7219428951038938,58.57164937742111
45.679073887877166,Mississippi,Republican,-2.892856158730807,58.48355579330602
52.680123248137534,Idaho,Democrat,-1.378699123452973,62.496361528490674
51.941088484600186,Missouri,Republican,-1.1420349691302216,57.14554521948835
50.09123522788286,Minnesota,Democrat,-1.4723211393932347,64.88346761133135
44.1793971741572,Tennessee,Republican,-0.23418178485163393,59.83044469837027
41.641186284832656,Delaware,Republican,-0.9884161626151187,63.26722326829372
54.63840588461608,Pennsylvania,Democrat,0.32753833877544003,57.55720563876794
53.842001841403544,North Carolina,Democrat,0.22894267895364523,53.30936302604427
52.578249531798065,South Dakota,Other,1.1738441745885395,61.543356332650326
57.18233907595277,New Hampshire,Republican,-0.3156691067157478,54.03146565800678
45.58041184209287,Maryland,Democrat,0.534211463845051,55.66799176304753
40.490912799723446,West Virginia,Democrat,-0.680914292658681,59.95722382013576
41.967573589645326,District of Columbia,Democrat,0.809191329305869,59.02596114547291
42.0597182540223,Illinois,Republican,-1.0725875253326036,64.99453185958542
51.706345891579986,Washington,Republican,0.47051781464732995,58.249519551593366
41.32939006201923,Minnesota,Democrat,0.1774010784786027,56.432584621684555
44.06899668741971,California,Republican,0.24482790507586225,65.6771404801644
57.77300761081278,Massachusetts,Democrat,0.3277231033176251,59.74022271093852
58.97124656010419,Wisconsin,Republican,0.8575529078595854,56.67472268609784
43.65492079872638,South Carolina,Republican,1.0338652792433907,68.60633458334982
54.719513123854995,Mississippi,Republican,-0.1768525897873324,55.292309306198405
52.81132518313825,Tennessee,Republican,-0.583611252135663,61.284523753035465
44.16145326104015,Illinois,Democrat,1.0300287122633687,62.39035091767195
53.18316557910293,Iowa,Republican,-0.12079107738911381,61.67025565516608
44.44188666995615,Rhode Island,Democrat,-1.4941912975097285,61.16696884852901
57.87269783206284,District of Columbia,Democrat,-0.5746244839803782,51.956170956411604
51.75809524953365,Michigan,Republican,1.1119720014181134,50.43722552505737
42.69689596258104,Louisiana,Republican,-0.9885316061179745,55.147726798446705
41.35599988512695,Rhode Island,Democrat,-0.039663373873898726,58.269087326206446
51.08535835985094,Vermont,Democrat,0.5103918469457835,56.737665385556205
48.91607622150332,Ohio,Democrat,-2.947421520152652,59.768296457740774
53.454311871901155,Arizona,Independent,0.4663314325261137,60.80702256103501
52.97113032080233,New Hampshire,Independent,-1.8322856452656522,64.15246018977557
40.26652795262635,Tennessee,Democrat,-1.0454449093591536,59.8835396439428
58.538321633823216,Mississippi,Republican,-0.20729922710711446,56.46400240396897
45.59053514152765,Vermont,Democrat,1.3140430883424838,61.21709694662821
54.59366010967642,Michigan,Democrat,0.15770308142568723,62.17336305602752
42.916770917363465,Delaware,Democrat,0.6382147252264395,65.73916753646411
49.372694534249604,Massachusetts,Democrat,-1.5578859016117617,69.8961486743931
57.92253344785422,Illinois,Other,0.6764455503133706,64.84336717346599
42.02501438558102,Kentucky,Republican,0.8722237292378104,52.91544220386921
49.324830495752394,Georgia,Democrat,0.8524304240138157,53.8533305474268
45.07647892460227,New Mexico,Democrat,-0.890794484296517,66.6479246935574
43.909529210068285,Nevada,Democrat,-0.5722608065281429,63.33482402532573
57.75354982353747,Maryland,Democrat,1.718034401519139,62.69099919973761
45.48340303823352,Missouri,Democrat,-0.4749453751107881,61.23524637089516
42.64724925626069,New Hampshire,Republican,-1.0329697974687404,68.58731778746618
55.3061633463949,Wisconsin,Democrat,-1.106016970048791,60.328685348054286
53.75830530654639,Alaska,Republican,0.14621304590194917,62.094648933237266
51.72417927533388,District of Columbia,Democrat,-0.48775969302606453,56.470357494014955
52.64725859742612,Texas,Republican,1.129279338164435,51.707715242723964
54.586341311223805,North Dakota,Republican,-0.20465733194803584,50.11099637627473
51.190558397211134,Nebraska,Republican,-0.5102251953749282,53.7341910910766
49.08143432345241,South Dakota,Republican,0.5196410310198027,63.85248276591965
57.61297650169581,Arkansas,Democrat,-1.3502389649378865,66.96849118133665
49.710061978548765,Kansas,Republican,0.24578143321645712,64.844005423613993
42.66724016517401,Montana,Republican,1.7860525610049505,59.40580763569801
40.62887455802411,Maine,Republican,1.0921252767227136,57.04619263071085
52.600974617525935,New Mexico,Republican,-0.7376845653772476,60.27754450098818
43.97960802540183,Missouri,Democrat,-0.6653641721671638,64.63883299833097
56.27937354147434,New Mexico,Democrat,-0.420072995346326,69.28929893342706
58.16717932000756,California,Democrat,0.08284364453626192,55.42237069822675
47.68420197069645,Vermont,Republican,-1.0031101896247856,47.5676616820582
43.43578828498721,Texas,Republican,-1.4697152630248762,65.43297671863672
47.33917370438576,Rhode Island,Democrat,0.2041727838651391,53.40553321424934
47.15087465476245,Washington,Democrat,-0.05119971294349719,59.450572797204025
45.38311918731779,Indiana,Democrat,1.9386395275295623,66.83627243999621
54.31143031921238,Florida,Democrat,-0.8376868102421844,55.1679136497884
44.030918618664145,Tennessee,Republican,0.9260144225384922,63.47615002876998
50.2758390083909,Tennessee,Republican,0.6136324312066743,62.62932530942723
44.9862826988101,Pennsylvania,Independent,0.5246606913514308,65.84343874108559
58.98081317078322,West Virginia,Republican,0.2688821636531338,62.509535884457
52.13287335820496,Kentucky,Republican,0.6927431521527121,60.13473162092225
46.44213101360947,New York,Other,1.231624985787041,61.818699878488374
49.80556343216449,Rhode Island,Republican,-0.44356808921429325,66.46212859101543
45.803007050417364,North Dakota,Democrat,-0.4825833521170445,68.04247528874562
52.67182803247124,Wyoming,Republican,-1.0346529196393028,61.595133972006074
47.3733517806977,Washington,Democrat,-0.04073218251644669,63.30824665631943
40.99711968097836,Georgia,Democrat,-0.6979151621600471,61.156737109918815
54.392709168605506,New Mexico,Independent,0.6982510943627345,63.78572629242924
42.117546144872904,Vermont,Democrat,1.0967326609236405,53.7321078223742
48.838141481392086,Maryland,Republican,-0.6576477731687042,61.96164285608774
56.89962618984282,Utah,Republican,0.642543769058981,57.03551929531342
43.5560443950817,Wisconsin,Republican,-0.22133537561596867,58.62748834280012
51.8153127329424,Nevada,Democrat,0.3681539938304435,52.474296276126424
47.78524201363325,Maryland,Republican,0.5376946243746256,67.3758124880572
53.49237627349794,New Mexico,Democrat,0.4159060700675356,54.32429689963621
54.84953859820962,Hawaii,Republican,0.8978129659811745,57.15421149214837
54.63053412735462,North Carolina,Democrat,1.2637107011087065,63.094003761817255
42.82132762018591,Alaska,Republican,2.171510402583671,49.17067029195205
49.100356390699744,Nevada,Democrat,1.6892454772849366,53.42234362197549
49.82039848808199,Oregon,Democrat,-0.4734724571244887,50.59756339100608
48.67363427300006,North Dakota,Republican,-0.5703783926767017,59.935983690271144
48.81519820075482,Utah,Republican,-1.0128785487364578,58.69307192053972
53.614322235807776,Maine,Republican,0.6251169468786492,63.955968777188495
48.27012427151203,Wyoming,Democrat,2.15777441943064,64.64059552604223
53.659820072352886,Illinois,Democrat,-0.17602051294229418,58.42235469124929
48.04167836904526,Maryland,Other,1.3582616683262687,56.39463661118748
40.36644381470978,Arkansas,Democrat,-1.2489529572346458,57.500945425461886
50.871839174069464,Nebraska,Republican,0.046491572543080575,59.77179075731783
55.139900841750205,California,Democrat,-1.9220472467410092,67.26412115354206
51.21812478173524,Colorado,Republican,0.3637799302992126,53.786729907292134
45.18300902098417,South Dakota,Republican,-0.5451475363423881,65.42952173916323
59.90447330288589,Utah,Republican,-0.10739338345534415,59.64135711798739
55.428466508165,Texas,Republican,-1.6764741701846821,56.4583698172528
44.452577689662576,Louisiana,Democrat,1.3073249833161387,60.93419268475784
55.88824016042054,Louisiana,Democrat,0.9328097004594175,60.362670008739585
58.21168590337038,Connecticut,Democrat,1.6358341445245892,62.709262848146736
54.30582482833415,Utah,Republican,-1.4055544075763882,62.025449165945474
47.06394408363849,Nebraska,Democrat,0.3924471787765477,57.76747305302534
57.98409537412226,North Carolina,Republican,0.5638485943534144,59.350656522317536
41.672904677689075,Nebraska,Democrat,-2.140979084156009,57.82033024032857
45.412451792508364,Florida,Republican,0.16147383397730963,54.6397713542268
45.112485219724476,Alabama,Democrat,-0.9358137462519042,60.585204890075914
59.06387457624078,Iowa,Democrat,1.57917769049003,57.78921955174753
51.38152270112187,Arkansas,Republican,1.273191603506843,55.41534263507269
45.69827386178076,North Carolina,Democrat,1.0832146605729616,62.613793878558965
57.40691798739135,New York,Democrat,-1.9040340468554795,55.07243328114305
52.424789974465966,Virginia,Republican,-0.9136145244516592,53.692689359754844
49.45122887380421,Maine,Democrat,-0.14674269279798727,63.03912121815733
46.764413504861295,Indiana,Democrat,0.42218247958547656,56.674934392735864
54.66993075795472,Missouri,Democrat,0.4484963676704882,57.06296217086203
50.00349930487573,Tennessee,Democrat,-1.1618605822225867,60.061352571416386
55.18981243018061,Mississippi,Democrat,-0.41084924818371416,59.53294421823959
52.433033059351146,Rhode Island,Republican,-0.007568818521821181,61.57566697313028
43.881851648911834,Maine,Democrat,-0.3106752326217697,68.85717051895676
54.136784109286964,Massachusetts,Republican,-0.04855529975565472,54.622126549153535
47.34886910766363,Montana,Democrat,3.2377506892600114,64.80847419757674
55.7942645996809,Oklahoma,Democrat,1.1069766233504734,64.9099054488643
48.590587745420635,Massachusetts,Republican,0.30152342734677307,63.068123673961175
57.290284340269864,Iowa,Democrat,1.5665747322301993,57.16968406607574
41.55277786310762,New Jersey,Democrat,-1.630576941628662,54.95582102430595
41.54220973607153,California,Independent,0.0400293433060695,65.03506615417513
49.36168590094894,Michigan,Other,0.08394268264754874,57.494993102334924
49.34838816989213,Wisconsin,Republican,-1.0605124352227775,61.826313416735694
40.976614844985306,Indiana,Republican,-0.06035825084523706,62.425827055487886
44.37011308502406,Oregon,Democrat,-1.1456446817712564,48.74900585566419
49.17924168519676,Indiana,Republican,1.2616520820926316,53.87213914337936
46.84244938660413,Iowa,Democrat,-0.9061061752514824,57.66181562526403
55.72983134537935,Illinois,Republican,1.390052588147436,55.334017714913635
58.509092535823584,Minnesota,Republican,0.5392296255671503,62.862346683167424
55.35619809292257,New Jersey,Republican,0.9433028649375211,57.68361971683667
59.63729967363179,North Dakota,Independent,0.20016001879650996,57.2805828310152
50.287878955714405,North Carolina,Republican,-1.7057428076511878,60.61187601961307
56.56942222267389,Illinois,Democrat,2.263664550365805,56.10043939004009
43.12006559688598,Vermont,Republican,-0.2902601456567574,55.91163429303453
53.28996540047228,District of Columbia,Democrat,-0.5249266821540859,59.68750155402638
53.26676734723151,Kentucky,Republican,0.21103067330667688,61.26626888144042
43.42576046939939,Maine,Democrat,-0.10773664555493406,51.00508657172783
57.59950521402061,Alabama,Republican,0.763075077470875,68.01033465365548
57.347324253059924,Minnesota,Democrat,-0.842042299824628,64.66649050223438
40.73564131744206,New Jersey,Republican,-2.1346788113796453,63.85626509365525
56.0295128589496,Kentucky,Democrat,1.6169580693339003,51.03880161789415
50.359654375351965,Maryland,Republican,0.8675369012115893,58.54032063987392
45.78336130362004,New Mexico,Democrat,-0.1315764582992378,68.39694725200206
42.37804847769439,Virginia,Independent,-0.16185685576519726,62.31158051361943
44.252058821730316,North Carolina,Democrat,1.1237334513232664,67.88014533687013
57.25364345125854,Utah,Republican,2.1230595260109784,61.73250524713158
47.64943287242204,South Dakota,Independent,-0.6596485785564316,65.7001029278461
55.3317857068032,Texas,Democrat,-0.28154856403826983,51.6533980083255
46.48335784673691,New York,Republican,-1.0082306358564708,60.132029347703856
55.48732119612396,Maine,Republican,1.5015604473396387,65.17691282634208
51.12167343497276,Massachusetts,Republican,-0.37217578943328783,57.097771627333366
47.09206318948418,Vermont,Republican,0.01572585892682273,57.96327764756813
54.637395036406815,Missouri,Democrat,-0.38602066095941584,57.306516929267985
56.00265675224364,Mississippi,Democrat,0.8980567742903406,62.32783920985316
45.78659096267074,Colorado,Republican,1.5389170241484373,58.79809438887001
53.34059223998338,Kentucky,Republican,-0.780527052931706,53.88722334399565
56.93010789807886,District of Columbia,Republican,1.0186048056527568,63.13514015628685
47.84184625837952,Washington,Republican,-1.0511576937474791,62.1108992507151
44.961537616327405,New Jersey,Other,0.2461959760832235,60.70729466346062
46.24528303742409,Minnesota,Democrat,-1.332639402252744,54.41903712646635
50.538350199349225,Pennsylvania,Republican,-0.20035043188508775,57.626228601314246
50.5165096744895,Nevada,Democrat,0.9714473893133266,60.65059898289497
44.34630064293742,Arizona,Republican,0.4659723837590439,63.672258150252574
55.40214622858912,Connecticut,Democrat,-0.16213188208527107,60.07202289615896
46.094415839761496,Washington,Republican,-0.8738303287832261,60.40296475872873
54.58574681542814,Iowa,Other,-0.416979364531421,58.51429341176686
59.74536701571196,Alabama,Republican,0.5932752887718049,60.71245802317868
51.71608739066869,Hawaii,Democrat,1.0354366900216285,59.01368337846171
51.45986849907786,Alaska,Other,-1.127742131179198,65.95045033226303
42.44793734513223,Alaska,Republican,-1.1655368287736574,65.93501901357382
43.463730718940496,Alabama,Republican,-0.4288733034892139,66.25245978108205
47.36811513546854,Connecticut,Republican,-1.8185134231783113,52.44807889039078
54.8009755788371,Iowa,Democrat,-1.4655409842383922,61.735147553528094
40.12282914482057,Oklahoma,Independent,-1.3205285378423626,55.678979827437296
51.364017287269235,Iowa,Independent,0.5009501777736113,60.62683127016378
40.15843792818487,New Hampshire,Democrat,-0.494520667857778,59.116218081082145
52.71882110275328,Michigan,Democrat,1.655967335595793,54.17557410427681
51.896418277174234,Louisiana,Democrat,1.869118547760839,57.848865773969614
50.68348765838891,Hawaii,Democrat,0.08632192331990797,56.948493393886366
46.63824504241347,Oregon,Republican,-0.16378986874881765,65.5680222627224
52.501669730991125,South Carolina,Democrat,-2.3451824218901085,66.50145069087426
56.855487767606974,Michigan,Democrat,1.3706661985002135,54.09763498797116
42.881661020219326,Iowa,Democrat,-0.7169980750580371,58.21968961759774
43.0720092356205,Utah,Democrat,-0.9249662851629347,54.89879911877065
42.46674444060773,Utah,Republican,-0.9093205267589948,55.42736836559217
42.901256675831974,Florida,Democrat,0.15557588876231485,60.33348866571331
40.12037300504744,Pennsylvania,Republican,-0.4411455477654435,59.17683167379678
53.740031267516315,Maryland,Independent,-0.19043155455797037,59.285608097913034
52.869981452822685,Tennessee,Republican,-1.0468420585653353,61.581172374448414
55.362072391435504,Illinois,Democrat,0.4647160059999506,57.68959428115636
42.75555775035173,Montana,Democrat,-2.285044211400635,60.83672474577158
54.72470081411302,Massachusetts,Republican,-0.29772265732950115,61.9136120759804
48.55002704076469,Virginia,Republican,-1.349674525139882,62.35963229910149
47.89842219557613,Texas,Democrat,-0.6624811645122739,57.60859497892296
45.406630584038794,Idaho,Republican,0.5590685160387517,57.70693456926669
41.4432979375124,Nevada,Democrat,-1.793543674564678,54.008217774846564
55.12102793902159,West Virginia,Democrat,0.8287526160244444,61.3505896592311
41.96552044246346,Montana,Democrat,-0.14300016144239663,63.7342784244177
47.68891712650657,Connecticut,Democrat,-0.8535297173345674,59.61164166789312
49.703509281389415,Tennessee,Democrat,1.011461186800089,54.98795840631808
54.87422920297831,New Hampshire,Republican,0.7943997078118928,66.0814860180057
55.402803272008896,New York,Democrat,1.2305096369388866,59.63857308058961
58.904649703763425,Georgia,Republican,0.8315032234898517,52.95243456933315
50.183970793150365,Louisiana,Democrat,1.1369200153404768,58.6960534600536
53.42079920228571,New Mexico,Republican,0.9263523601050965,59.93916965356153
50.571868303231895,Vermont,Republican,0.47186982347714046,60.41386659311688
46.31808075122535,Tennessee,Democrat,1.2789605640019945,55.28385976540818
42.64515278395265,Minnesota,Republican,-1.2729959754282079,61.26493876552098
43.06480425409973,West Virginia,Independent,0.4540255959795291,59.46585324041926
52.03846903052181,South Dakota,Republican,0.4811154042532074,58.41586797649353
56.264988514594734,New Mexico,Democrat,-0.6499571842319569,54.08078860865755
52.481314609758556,Washington,Democrat,-0.4108401124303814,53.914638793623865
57.54660646431148,Utah,Republican,1.5356027966047276,62.08613899487622
45.312010454945266,Minnesota,Democrat,-1.2009355062502929,58.69103160663337
58.9634395390749,Kentucky,Democrat,0.9228429945505121,63.2717690581958
56.06650764122605,Pennsylvania,Democrat,-1.2440195808909689,70.26963362451697
46.5911936853081,Utah,Republican,1.4472541651234925,68.09500657847778
42.5789311947301,Connecticut,Independent,0.9800023488953633,55.33414994775638
55.91520327143371,Nevada,Democrat,-1.273187777251033,61.02885835202138
52.58419252932072,Hawaii,Republican,0.039413069965206306,58.70115771920577
50.52451423835009,District of Columbia,Democrat,-2.3907299711338066,64.77217699489401
53.57166959438473,Louisiana,Republican,-0.49256734386034934,64.46975251398443
49.85655924770981,Wyoming,Republican,-0.900574777814456,57.389733542892316
52.60150476358831,Massachusetts,Republican,0.642615626478951,58.32803121208116
55.42779193725437,Oklahoma,Independent,-0.048613640002772,66.12469791619098
56.345801376737654,New Hampshire,Republican,-0.8572372336080276,59.924186788478806
49.4110143231228,Washington,Republican,0.32055663775161763,57.47964793432102
46.354266023263335,Oklahoma,Independent,2.0343123185002363,54.841150101736645
44.846974522806704,Colorado,Republican,0.35883596042973404,66.87267205246884
50.66677674185485,Oklahoma,Republican,-1.9340688116763047,61.34165888562558
55.986380288377404,New Mexico,Democrat,-0.07500969907037403,60.96172363097943
44.001098116859794,Florida,Republican,-0.48495604842783524,57.0366821129929
55.99187397863716,Michigan,Democrat,-0.25585280390161264,59.0263830863718
49.24095535185188,Maine,Republican,-0.45078549414547275,50.09305013852616
41.29023284185678,Colorado,Republican,-1.3266346643298959,65.33192400165737
45.419815205968916,Texas,Republican,-1.3628492290961864,59.11694364412877
41.25253774691373,Massachusetts,Republican,-1.2892828927500706,57.34579657309312
56.558436318300664,Connecticut,Republican,-0.38829913009349143,59.247533130294485
48.22883628774434,New Jersey,Democrat,-0.8620612865591308,57.75693364449349
46.17440928239375,North Dakota,Republican,0.717539677823942,63.845861625450155
52.551071122288704,Maryland,Democrat,1.1479227342379243,58.956945248049756
48.82858304772526,Maine,Democrat,-0.45656602630497606,67.17507849722597
48.41493628453463,Connecticut,Democrat,-0.9243234296734842,56.20109017233341
47.08989376202226,Texas,Republican,0.951914675284771,60.58590457702389
44.30489544291049,South Carolina,Independent,1.8855830771024435,61.37159376686778
49.30243617389351,Nebraska,Republican,-1.1219248140435578,59.80724560354489
56.29815026652068,Iowa,Democrat,0.9275687279622032,59.05770933596524
46.50725235696882,Oklahoma,Republican,-0.39734576954416817,61.57678450515887
42.221536855213344,Hawaii,Democrat,-1.521912213836488,62.5322765544259
58.17677587736398,South Dakota,Democrat,-0.47842203129480276,54.597405042541915
43.90192716848105,Alabama,Other,-0.914118370308152,59.68241149061031
43.90972236637026,Vermont,Democrat,2.861320749568176,54.91857601245047
50.16812565270811,South Dakota,Democrat,1.0960200766227155,66.58643568190237
44.694952820427716,Alaska,Democrat,0.21513797012018343,65.28899787294135
52.85680801142007,Minnesota,Democrat,-0.4237491282679386,59.54089799251934
54.736025519669056,Kentucky,Republican,-0.07223142861423397,61.85739302785137
52.233983650803566,New York,Independent,0.833732525992977,60.00458446410782
49.7235090425238,Oregon,Republican,-0.5355362036337346,56.52701760178346
44.555002390407026,Louisiana,Republican,0.10496559874305066,50.64705911239098
50.0297668389976,Minnesota,Republican,0.11975398923015418,55.741659132349845
42.37611913122237,Oregon,Democrat,0.2476558224701359,58.70276965065781
51.23432559426874,Alabama,Democrat,-0.38081525496692586,53.50799932164042
40.0541028752923,District of Columbia,Republican,-0.5805645788385629,57.475882320745015
49.668132327497005,Vermont,Democrat,-0.24735067122705764,51.816350266660294
55.49244934692979,Pennsylvania,Republican,1.121392181276115,59.69573222710618
49.37010813038796,Rhode Island,Democrat,0.39000724208634896,56.523077688522314
58.525486988946795,Iowa,Republican,-0.3885495141941451,57.081601235507144
47.301260363310575,Oklahoma,Republican,-0.9802757535122611,62.65562357789933
52.77820507995784,Alaska,Independent,1.4224290172793481,56.42995325421281
55.0503894360736,Hawaii,Democrat,0.33035956992331855,64.79141887143254
46.178778037428856,Louisiana,Republican,-0.5629767679984594,62.02240585434222
47.9651271738112,South Dakota,Republican,-1.8251968800612253,65.82953495755713
51.476578172296286,Oregon,Independent,-0.44024745205966576,63.28971860495168
56.335377781651914,Louisiana,Republican,-0.8818688534969275,66.82378582350795
47.49113543424755,Oregon,Democrat,-0.16800302251388827,56.38586412741194
54.65579760726541,South Dakota,Democrat,-0.189179155578593,61.77901699334734
58.700141375884414,Oklahoma,Independent,-0.07269669142992922,56.938372650195966
44.17379778344184,Massachusetts,Democrat,0.5272347486905075,71.36612021794924
41.27390263136476,Ohio,Democrat,-1.1790445831290388,61.57831258447253
53.767422516830266,Massachusetts,Republican,-0.19536279305665313,64.87859258981054
52.836170182563365,Indiana,Republican,0.10458065344944417,63.338162107889595
55.910041853785515,Tennessee,Republican,-2.5194725158807696,57.38330286937466
49.55224692821503,Illinois,Republican,0.7462876294404207,65.49880719924816
52.18337394297123,New Hampshire,Democrat,1.2749113429787775,58.96142430390353
40.108626312576234,Indiana,Democrat,-0.16515031079933457,60.16397796242721
52.70674013067037,Arkansas,Democrat,-2.1684929637863104,61.46645278210491
43.7074620090425,Utah,Democrat,1.4384883027147641,53.099205157108415
44.55281022004783,Texas,Democrat,0.7372686395415107,56.69685401043915
45.0153431808576,Colorado,Republican,-0.88783210759469,67.61903913967066
40.59421577025205,Minnesota,Independent,-2.0474017405120457,55.25169082929878
57.17430281918496,Delaware,Democrat,-0.5170257385704666,63.40694424589306
52.90307135786861,Alaska,Democrat,-1.2004086140754209,63.83005789838683
54.04223103541881,Oregon,Republican,0.6273163032416462,62.74619457468474
41.057518906891346,Wisconsin,Democrat,0.43804679401043506,55.85737481192433
56.68421692214906,Pennsylvania,Democrat,-1.1580644218180531,62.83385641109346
56.65721810422838,North Dakota,Democrat,1.9008441036831174,70.36645971319567
54.836100288666785,Washington,Republican,1.1564543295547525,61.089054202423746
44.7809616336599,Alabama,Republican,-0.39324356408603006,59.62311004285683
40.916574243456125,Arizona,Democrat,-0.5192627583084418,56.58231302887836
57.26779512129724,Idaho,Democrat,1.6282367160148274,55.89216151821879
50.56791207753122,Tennessee,Republican,0.4373230146969242,56.990866755200884
49.92167896591127,Wisconsin,Independent,-0.19781065073669413,51.52248908340046
52.17473475728184,Hawaii,Democrat,-0.021511146168562534,58.788851223515984
41.701273205690086,Rhode Island,Democrat,-0.531476023939611,54.20522457858986
55.956447585485876,Nebraska,Democrat,1.5403589381925407,64.38813336270604
58.61674361862242,North Dakota,Democrat,0.5143952337311652,65.40088454309523
55.28745322022587,Connecticut,Other,-0.43348585199514283,57.127773440085804
52.73179696407169,New Hampshire,Republican,2.037666896303103,54.24900697424994
44.78918858803809,Illinois,Democrat,-0.6575723218398805,70.87406780745
47.84053519368172,Florida,Republican,1.7600394708608427,60.45706491812908
49.53654258046299,Washington,Democrat,2.0183556944504724,59.890265754286716
45.19997010007501,New Mexico,Independent,-1.7214498754394614,63.74370438768255
42.17902074102312,Connecticut,Democrat,0.8536442063315565,57.3752357336189
50.48525218851864,Minnesota,Republican,0.5793938879047572,57.68038242085548
55.157639109529555,Ohio,Republican,0.6504530808398862,54.340693640849686
43.618927812203765,New York,Democrat,0.04962164504689215,60.622622324146356
46.5814096480608,Alaska,Republican,-0.2882257139487723,59.21083611142458
51.31191244814545,Missouri,Republican,-0.11504214597816471,64.76093273762724
49.19609439559281,Mississippi,Democrat,-0.5968547655456232,57.29215713535397
55.40371517185122,Maine,Democrat,-0.021442910697796084,67.0256516594872
58.69416492059827,Nebraska,Democrat,-0.8648575758634431,57.38121336393369
56.08476103749126,Massachusetts,Democrat,1.2492064165509382,58.06421205213316
54.64648464228958,South Dakota,Republican,0.3289866128033081,58.24624881637734
59.01930051855743,Pennsylvania,Independent,0.07591302804429968,59.31124427948615
53.92672596499324,Massachusetts,Democrat,0.665764138862188,55.27144264485233
42.98588413745165,Minnesota,Republican,0.8745044667490925,54.00425066321942
49.054546589031816,Pennsylvania,Democrat,0.6129341649945181,58.841506405674195
58.2859725644812,Tennessee,Democrat,0.16332630322050015,57.7457298863959
46.06381721328944,Delaware,Republican,-0.5906168672428664,59.65810804751567
53.70862475130707,Texas,Democrat,0.5617040388875733,56.85521799223892
54.219121001660824,Rhode Island,Republican,0.6346029063181734,53.60247832943369
47.319711120799184,Idaho,Republican,-1.2903330952996064,64.34654772598196
41.48611746262759,California,Democrat,1.5008364881824658,59.09441469751977
55.68925579544157,North Dakota,Democrat,-1.056976591028937,67.13855025932394
45.80879119690508,Colorado,Democrat,-0.4427198326275442,59.16313387221871
57.1541291475296,New Jersey,Republican,1.078986613201667,66.99632068754123
57.55537260789424,Arkansas,Republican,0.6712870459983423,69.13990893474374
52.04617047216743,Nebraska,Republican,0.1717526586138432,68.9037301489198
42.797984569333494,Wyoming,Democrat,1.4628496019252046,62.6064247163811
58.08158855419606,Texas,Other,0.6312661710958135,65.10969966604219
57.994926469400525,Montana,Republican,0.8899497407776747,56.86468593911003
41.113449768163264,Delaware,Democrat,0.3847597398683004,63.91333050181741
59.120706408284605,Florida,Republican,1.679568988253529,64.51188714293549
44.402706511318684,Michigan,Republican,-0.4147837442478582,73.03091182369482
42.698016189970076,New Mexico,Republican,-1.4723168461609661,53.11430055931898
52.197079323232174,Texas,Republican,0.7978040189861769,61.849968655796864
45.336817600764334,Louisiana,Democrat,-0.4856608023184537,54.40586370031549
45.021594101563096,Minnesota,Democrat,-0.3160028409907047,68.9123130784011
47.707430510781705,Illinois,Other,0.04427774403972044,59.90565402469833
56.90516222268343,Kansas,Democrat,0.6308834244038674,61.47477994811404
48.03543456364423,Oregon,Democrat,0.14843287131747954,59.14019853320731
46.658226321451366,Texas,Republican,-1.6417682126626145,63.34493288176477
45.36240356974304,Minnesota,Republican,-0.10256138844311814,66.47446139049715
45.8393230708316,New Hampshire,Republican,0.349088495019713,42.789900225268255
52.44215723592788,Tennessee,Democrat,-0.738325461498698,59.32199344167855
40.711652995087206,Virginia,Republican,-1.9896029202186927,57.77847222442758
49.32027922477573,Florida,Democrat,-0.4003700688664382,61.804599113761924
41.85561966150999,Washington,Republican,-0.45304574809074094,55.71155982273855
50.05624104756862,Minnesota,Democrat,-0.28107192425657196,51.260694541141945
59.640741548500955,Connecticut,Republican,0.17546411252583283,60.022167500191294
49.49825279880315,Georgia,Democrat,1.0687574212018107,69.90408115236818
45.622494840063155,Michigan,Republican,-0.7284093094981271,66.32210244749083
41.41782901249826,Massachusetts,Republican,-2.25983922259635,61.1098631017747
48.77504309639335,Arkansas,Republican,0.26161900932709237,61.432546286402854
41.723638833500445,Louisiana,Democrat,0.713282278332594,59.701010197658356
54.13098179269582,Florida,Democrat,-0.8047534908353565,65.23019723739623
49.128374019637704,Hawaii,Independent,0.6946362618178923,68.17264947733533
50.09658882394433,Oregon,Democrat,0.7061775761281279,68.15266712407919
48.1560125015676,New Mexico,Republican,-1.9583111607015828,52.96329450909558
51.341650881804526,Georgia,Other,-1.8196027794087413,55.725671574336644
49.10468516871333,Missouri,Democrat,0.10540308471045022,66.77392129809401
46.80139084812254,Wyoming,Democrat,1.2009662438744295,59.99634564255189
45.1343709230423,Washington,Republican,0.39971288289660417,61.98870640448491
51.390095171518624,Vermont,Democrat,-0.6276582209139671,56.291243786786445
44.85503857489675,New York,Republican,-2.5745338525305854,62.62386362789231
47.44776270817965,South Carolina,Republican,1.010342831613294,60.2633187806327
46.27836184576154,Wyoming,Republican,0.6213855080476973,55.22334326360632
49.75638197734952,North Dakota,Democrat,0.7443124590811954,62.38837897727457
43.318531080149114,Maryland,Republican,-0.39975142515095613,68.38545649589304
57.909836852923036,Florida,Republican,0.5540392558874572,62.160349467038735
40.53180556278676,Idaho,Republican,0.8254268976244895,61.27690431668771
59.17689504567534,Oklahoma,Democrat,0.5917317011327488,57.28443188842547
43.856568611226976,North Carolina,Republican,0.4366343100018421,69.49423592423135
41.4712021779269,Delaware,Republican,-0.6080240008913269,57.51132506196292
42.33549381606281,Oklahoma,Democrat,-0.6973505886544923,47.451487082647596
47.80454928986728,Iowa,Democrat,-0.5235434554869566,60.57756983731372
56.23434062581509,Illinois,Independent,-1.8659636277283969,61.6974486542518
58.20254310965538,West Virginia,Republican,0.17622705058392354,58.45226558017407
47.46186099015176,West Virginia,Independent,0.46337962697334273,64.47625648122029
51.825153422541916,Wyoming,Democrat,-0.1266958055128155,58.33873866179251
48.963601253926754,Kansas,Independent,-0.7646213848023234,65.76461700590488
42.15574375819415,New Mexico,Democrat,-0.0938893291286757,64.69177988660581
59.80753242969513,Iowa,Democrat,-0.6368848613075573,70.49967344716772
51.66696624364704,Arizona,Republican,0.6547333480003685,60.361584377835726
59.85055489465594,Indiana,Democrat,1.1313837400631048,56.79133332106025
46.943709794431925,New Jersey,Republican,-0.989678220123326,63.173607307820255
41.67467233259231,New Jersey,Democrat,-0.019794645606122107,61.65177065282889
44.61275143548846,Oklahoma,Democrat,-0.968425408075594,56.46819731671857
49.38045293092728,Michigan,Republican,0.7243190079742586,59.30110137720989
53.65869096945971,South Dakota,Democrat,1.3448410369916564,65.97163958880752
59.28488736972213,New York,Democrat,-1.1847494835471408,61.05134492392211
48.52813303936273,Arizona,Republican,1.5646660553199496,50.32915216044936
56.7935344716534,North Carolina,Other,1.1629049980090158,69.2694119081017
55.390253248624504,Arkansas,Democrat,-2.0608502120172405,61.76456550012312
46.05166777037084,Alabama,Republican,-2.5949569853757835,62.95697121782032
48.38342596311122,Nebraska,Democrat,-1.0223330383490332,53.385243506668914
59.44692683406174,New Hampshire,Democrat,-0.3485176928047311,54.722033614899125
46.740368930622935,Florida,Democrat,-1.3009149442684522,62.6255012228655
56.628225864842534,Delaware,Democrat,-0.9815548664776224,59.37268197434937
51.96782244835049,Alabama,Republican,0.27855505287631716,54.16949484079587
52.410343955270946,Idaho,Republican,0.10395308332454141,67.66663708808028
50.08344986476004,Texas,Republican,2.015219375909961,56.19432202462297
52.59872957132757,Pennsylvania,Republican,-1.4035928410367646,61.9860545600191
48.72175085358322,Louisiana,Republican,1.855472757531682,58.94608790863464
59.217741335742176,Oregon,Democrat,3.0996794876289857,61.62075207347833
52.64301975723356,Tennessee,Other,0.41111408721312265,67.62400052301305
47.57030974607915,Vermont,Republican,0.06025246913022955,62.94710894729949
54.52486298978329,Utah,Republican,-0.5797030178900493,55.899613377908054
42.567853229120374,Nevada,Republican,-1.2488306363217225,65.36642730121034
50.478876791894436,Florida,Independent,0.44434110380951963,56.73027386024199
58.04210113361478,Virginia,Democrat,-0.45913302465939637,66.43254876742105
45.70691030006856,Kentucky,Democrat,-0.7948458994276734,70.88357908784671
52.15745439287275,Washington,Republican,-0.6345954145009125,47.25527119455142
53.282480291090906,Florida,Democrat,0.9960255826497828,54.886792206140086
53.208612594753504,North Carolina,Republican,1.0990697315242268,52.86825688010312
43.35632404778153,Hawaii,Independent,0.04971731912508959,61.76269603219876
42.10747773759067,Arizona,Republican,1.159317108700204,58.12841327465917
53.935923925600946,Colorado,Republican,0.07745947723638082,58.73873778970894
55.79444900620729,Alaska,Republican,0.7797954589941531,51.39684924358877
46.22504652477801,Alabama,Republican,-0.8182286421841996,49.536494162562256
48.946825242601335,Ohio,Democrat,0.5397658831613817,60.5055311673669
57.22418026532978,Texas,Democrat,0.2532701910295067,60.807203172203955
53.347595180384815,Wyoming,Republican,-0.26108203626233767,62.90961465993163
48.22189655620605,Arkansas,Republican,0.2927160543093613,64.40749216478689
58.439681166782975,Alabama,Republican,-1.111691835349817,55.99248493020049
57.92384146247059,West Virginia,Democrat,-0.5810149418059131,58.16591808562109
58.569613080471754,Colorado,Republican,-1.4999844065809063,61.479451147124664
47.71106032188982,Wisconsin,Republican,1.7167900217165772,60.12740297753728
40.90955248568207,Pennsylvania,Democrat,-1.8784513738678306,55.664226461673834
45.09200248401612,South Dakota,Republican,0.47773545891945246,56.12923278038503
41.11588578671217,New Hampshire,Democrat,-0.4333414897576967,64.99637623901036
48.00479371100664,New Jersey,Democrat,-2.029266801309568,63.530840799804935
55.848536496050656,Louisiana,Republican,-0.1711180820520057,66.61945235749208
43.01506291143596,Iowa,Democrat,-0.5052866510541416,50.59257238547483
48.97136070765555,Tennessee,Democrat,-0.5754053776231531,63.225719308032595
53.36072282399982,Rhode Island,Republican,1.5206759154954392,56.69279294582336
45.19030106253922,Virginia,Democrat,-0.7356358631656288,58.58529547874872
43.45686491113156,Washington,Republican,-0.8244628729821174,54.721942295684165
57.33482402283698,Oregon,Republican,-0.10971148903470238,64.29135482366854
43.63341748714447,Wisconsin,Democrat,-0.19669678453616607,52.16434425527776
52.79616942629218,Louisiana,Republican,1.0113530629153333,53.34774955700795
41.68128806166351,Nevada,Republican,0.5418333282026767,62.550447573832066
46.23795232269913,New Hampshire,Democrat,1.0439466488386846,63.01308235386253
55.7497234782204,Connecticut,Democrat,-1.3744285868219408,50.82167467531571
40.04932049661875,Indiana,Democrat,-0.9646052587583646,56.21508295868229
43.277485077269375,South Carolina,Republican,0.16378115763414508,54.13256802507296
48.27408167067915,Iowa,Democrat,-2.012066795988607,65.064679733844
58.06381592992693,Connecticut,Republican,-2.1453522549065887,63.96858385854673
46.23336505610496,Hawaii,Republican,-0.26620478876004366,57.86032320671664
48.80756740923971,New Jersey,Republican,0.34909915625742116,55.407081178696714
45.98687750287354,Texas,Democrat,0.07387512533158853,59.38684046212584
51.515327859669924,Ohio,Democrat,0.22689406534741488,57.98204429662653
59.64424538426101,Montana,Democrat,-0.10014324489837936,55.161328520702504
44.34192785527557,Georgia,Republican,-1.882054298803659,67.90560411793902
55.24073293432593,Iowa,Democrat,0.22478125734909765,64.06767174602713
57.531385123729706,Pennsylvania,Democrat,0.49276044621511145,62.08369044419677
49.261025437153876,Connecticut,Republican,0.20538183682959082,62.74728466156396
49.88516539800912,South Carolina,Other,-1.9168348775266202,54.61086957713566
51.990468124859035,North Dakota,Republican,0.4195607235991628,56.028426936528355
47.64218520373106,Alabama,Republican,0.12289302962500995,63.62646585033636
47.63139463495463,District of Columbia,Republican,0.1454960419646434,64.47819000922571
46.37085403781384,Missouri,Democrat,1.3715815294370721,63.48558828964686
46.59097638912499,Georgia,Democrat,-0.9017049489340164,54.44333343029214
49.28253311198205,Utah,Democrat,0.8352162858297194,57.91451342240015
48.06232589762658,Alaska,Republican,1.1760376815534503,60.975404550945335
56.23595369979739,Idaho,Republican,-1.196339538668991,53.218477218181235
42.74677706416696,Kentucky,Republican,-0.6370456524390902,54.99804238038277
57.78562353923917,Texas,Republican,-0.3935503479626093,56.87863620659406
50.798608539626,Alabama,Democrat,-0.033707653946626996,62.50361129124089
52.771256058476865,Arkansas,Democrat,-0.4888037776501246,62.72293331894274
57.57982924114913,Idaho,Independent,0.10764576494463274,70.90503756131201
49.3946231296286,New Mexico,Republican,0.9643476991250143,56.485699732514426
45.001250077039,Louisiana,Democrat,-1.5804792159139034,55.11888185770626
55.574347036890686,Florida,Democrat,-0.535273341977568,57.288098310363274
58.83250209968537,Michigan,Democrat,-1.4884184097608109,63.43661828781616
42.16555673163384,Virginia,Republican,0.11436555872467084,56.187321016708886
56.293977280147374,Alaska,Republican,0.7345216246402864,54.67525452143063
59.8389054229483,New Mexico,Independent,0.23237209520044394,49.40570536519333
53.42687513213605,Kansas,Democrat,-0.6620006233206398,71.9758166441062
59.37727079261094,Wisconsin,Republican,-0.32452383835102083,64.15146491540102
42.667784383520484,Oklahoma,Republican,0.008487552382919317,61.219332354080734
50.66780621185899,Louisiana,Republican,-0.9670036862560711,53.33937558422083
51.579631976783276,Louisiana,Republican,0.5035891026622386,59.98457453594208
53.55273417662829,New York,Republican,-0.37673475808034024,68.06854816884331
59.03758745640516,Nevada,Democrat,0.887459128658118,52.280699160952196
45.91651898808777,Utah,Democrat,0.28639072096013046,64.93262615401679
51.670040944591165,New Jersey,Republican,-1.4498712986116185,57.27689566448059
42.14015399105847,Idaho,Democrat,-0.7978942833842871,57.91508992490142
59.940674947574735,Oregon,Democrat,0.3254359917665287,56.497408632734796
57.90202911943197,Pennsylvania,Democrat,0.5454534763678875,60.558442956362086
40.343064395710826,Minnesota,Democrat,-0.9486879518848483,59.14305389230228
41.372520783916116,Ohio,Republican,0.9289048851090868,55.965416995185194
59.433833518996835,South Dakota,Republican,2.2481090456928605,64.7919946027951
57.934022531844676,Wyoming,Democrat,1.8811259518742678,66.09476737933697
50.95196973532438,Wyoming,Democrat,0.17028110980428005,68.32924279825623
42.83196769654751,Tennessee,Democrat,1.54215401587939,55.259785780957024
53.65485893562436,District of Columbia,Democrat,-0.14889228703597482,67.49661389680145
46.75670254044235,Michigan,Independent,-0.33383133565542106,57.48696059942212
40.49514912534505,New Mexico,Democrat,2.3476380207320693,67.55377865053772
56.76101310644299,Alabama,Democrat,1.1754993802615266,61.13198687808293
40.6123712612316,Delaware,Democrat,0.1470193343002673,61.3392653414349
59.7746691852808,Wyoming,Other,-1.260399054579312,61.638458006441205
55.70444487500936,Alabama,Democrat,-0.7900843253510569,66.64669125980637
53.28934242017567,Rhode Island,Other,1.7541870397611172,68.71727392904064
48.36827070452273,Maryland,Democrat,-0.5933953984903008,59.2347689918116
44.08857568632811,Delaware,Republican,-1.7216684270592266,57.34688512846454
49.900614181533456,Minnesota,Republican,0.5968063850742182,56.55143062535039
50.35573235247284,Massachusetts,Democrat,-0.9618298482018579,55.3587521912024
42.80988600105047,Maine,Republican,-1.184477205873275,57.570956860960614
42.957721250131726,Washington,Republican,0.9124815151557338,55.140720805732336
59.872333207167685,Hawaii,Independent,0.05479809694888324,61.93635055831663
47.04421297647059,Idaho,Democrat,-2.028494251219893,60.331085185500655
57.9677958227694,Alabama,Democrat,0.7680885247975157,58.37652634820307
58.03736087400466,Kentucky,Republican,0.2080238683500293,61.657202100949156
59.10126607399434,Illinois,Democrat,-0.10011277426682955,62.49525121831156
58.76749146729708,Wisconsin,Democrat,1.437754727674695,58.29504346545797
51.83984138537198,Mississippi,Democrat,-0.2321859823580896,63.02241064351507
57.01624284964055,Ohio,Republican,0.3603113252926131,57.83866372340332
40.361867737956345,Montana,Democrat,-0.028966654334538412,63.57985124983227
51.20633468963206,Kansas,Republican,-1.8487253723182417,55.76436396661459
40.14010984450579,Missouri,Republican,1.7471951163163832,56.45998312886505
50.40565243456513,New Hampshire,Democrat,-0.42257333452019713,52.68119202445071
58.97154403384775,Arkansas,Democrat,0.6030750958944215,63.70492027872038
41.84439914301038,Alabama,Democrat,1.1546213024262957,58.79147352622086
56.1122996872291,Illinois,Democrat,0.20954566612617986,59.33027180329652
44.064229875802994,Mississippi,Other,-1.163786137775873,56.247617848612386
53.13138599507511,Missouri,Democrat,0.24275865374411454,57.16851488906333
53.12171314842999,North Carolina,Independent,0.017465657203459762,63.19516973919353
40.911311279051006,West Virginia,Democrat,0.31599842745931617,62.27767174641362
47.75910180993378,Texas,Democrat,1.1681832495208362,61.39937733606412
47.26517933886498,New Jersey,Republican,-1.4156520847868976,58.280394920489634
54.29957665037364,Georgia,Republican,-0.09151592713473873,53.83840764794079
51.485498449765146,Ohio,Democrat,-1.2561734390256254,70.72399670153933
43.63219643011689,Wisconsin,Republican,0.9570650830892734,62.85409534849205
59.07784529495984,New Mexico,Democrat,1.3096681054614914,52.40948906918354
47.721627820283175,District of Columbia,Independent,0.5827412890990965,69.87352837169125
57.8865959122777,Nebraska,Other,0.5182962080579814,57.92617440982274
56.54107911512256,Illinois,Republican,-1.285790446360278,64.12897984256719
50.682183164171875,Connecticut,Republican,0.28791567133911794,65.71603425836838
52.68042864277959,Iowa,Democrat,-0.7812835824424893,64.21068135671733
42.35287765506655,Montana,Democrat,-0.6617793331256032,52.22318423867387
48.53299468755722,Michigan,Democrat,-1.9197778627202196,70.52086222139455
59.11279908847064,Michigan,Republican,0.0029998403049881946,55.98298712163708
45.92629840131849,Maryland,Other,1.4898542472960636,58.010649861995745
50.84717638324946,California,Democrat,1.2228577637745899,61.804457081613705
53.81581122986972,Mississippi,Republican,-1.6724412427135296,59.33554502054667
52.731468048878014,Indiana,Republican,0.5406872678482938,54.07762842137857
41.74110762309283,West Virginia,Republican,0.23354543803898595,63.987737522295944
45.84559813141823,Rhode Island,Democrat,-0.20162484950370027,53.761904328645066
57.07063458394259,Colorado,Republican,-0.8480416475696189,62.644200525724486
40.85236543323845,New Mexico,Republican,0.5901825949594472,57.376104903221425
43.53860982693732,Indiana,Democrat,0.9927456126816633,61.77633050318001
47.79022018890828,Idaho,Republican,-0.07238400534305024,53.50115124061165
46.88041101209819,South Dakota,Democrat,-0.7156138619734053,57.632345755616186
51.08549668919295,Ohio,Republican,0.9793403475853336,54.290086744811504
50.42860812973231,Oklahoma,Democrat,1.4224296631145594,62.8059782564115
55.51381554454565,Wisconsin,Democrat,-1.5080126268147656,62.20549481001552
41.08808287419379,Arkansas,Democrat,-0.8962858362740639,68.26665200436145
42.3062980780378,North Dakota,Republican,-0.3260585550019924,61.19359242440861
55.15815966296941,Connecticut,Other,0.9628601956639927,51.75834491516305
49.19709885492921,Connecticut,Republican,-1.7778752644687312,47.80009085489221
46.66397813241929,New Hampshire,Republican,1.3169790482761485,67.94456958051106
50.33034965861589,Kentucky,Democrat,-2.0222062339535256,61.75559258340912
54.93680397514254,Delaware,Republican,-0.3755366326824615,62.200999834926385
48.810254163108766,Illinois,Democrat,0.42367226824112686,62.697224616218236
40.85717575158924,West Virginia,Democrat,1.2119456505153836,59.557659524956556
45.45481546316296,West Virginia,Republican,-1.1969202546050715,60.53949819693378
57.62834577821195,Indiana,Democrat,0.3887630333167248,61.864669237387886
42.584875505417585,Utah,Democrat,-1.1547505317015596,57.79310973544528
53.11537976376712,Maryland,Republican,-0.8185356266992833,57.19457359848747
52.64504174236208,Virginia,Republican,1.3444146087083018,55.84968898376312
52.18754256144166,Wyoming,Republican,0.14414365721271316,56.49557540654634
52.41106189787388,North Carolina,Republican,1.5905140951454058,53.368641660598
53.857712619937956,Washington,Democrat,-1.8164972335648037,67.24690602529313
57.89564473088831,Illinois,Democrat,0.10610253383301423,65.45645100949582
41.139049492776394,Mississippi,Democrat,-0.66265291498653,66.6982087640374
47.50732650049031,Rhode Island,Republican,-0.6730241680557933,67.95646362820582
59.98658291529864,New Hampshire,Democrat,1.7093601704653525,54.847047424834614
55.851043784059584,Pennsylvania,Republican,-0.19310796783031203,54.45262780346641
53.30581930465996,District of Columbia,Democrat,0.9979176783101896,55.81904054354654
55.3694157442078,New Mexico,Independent,-0.7056773863788679,63.78667590373403
41.60726521164179,Kentucky,Democrat,0.6490226202541387,55.67019685934402
44.67275306582451,Maine,Democrat,0.20514300371375283,64.88395168916672
51.98230730369687,Nebraska,Republican,-0.0966046435721204,59.73620930538987
40.96851925831288,Oklahoma,Republican,-1.1459154610981583,65.39844341114748
51.613723672926426,New Jersey,Republican,0.5242641286680961,57.574938160927076
46.6370387468487,North Carolina,Republican,-0.30183909008468657,64.20958657848702
57.034860574640334,New York,Democrat,-0.5306904206489662,57.267692950693466
43.294533398002386,Arizona,Republican,-0.21251129148762665,57.63189598335942
52.23518740851432,Maryland,Democrat,-0.9100858140528786,66.50896661272299
51.90419003833085,North Carolina,Democrat,-0.9289703010832591,56.85258935664685
42.99222752917558,Virginia,Independent,-0.1570611239075894,54.324832244246224
51.65004342328757,New Hampshire,Republican,-0.20407773831832862,61.4665479783511
41.43384628929198,Kentucky,Democrat,0.4775008646520037,52.27758454815738
41.40042643994093,Oklahoma,Republican,0.271974663664692,61.17259069348216
40.80715361516923,Texas,Republican,-0.10223649389678888,59.14424664293614
54.57249102182686,Montana,Democrat,-0.6261635270714444,55.07795756067217
56.25932289753109,Pennsylvania,Democrat,0.899190914041623,62.85361938605205
52.40290097426623,Vermont,Democrat,-0.0966091761878687,56.240346270539135
51.23335069511086,Indiana,Republican,-1.3398229290826262,54.72992633299636
58.271215381100774,Florida,Republican,1.5022759862010997,66.02945385940785
50.34901256673038,South Carolina,Democrat,0.5458860633245618,59.751269709365765
59.62522104382515,North Carolina,Republican,-0.05706121549175663,68.8401823160548
49.809449878521264,California,Democrat,0.9529812105740638,57.19763478914993
44.703643219545484,Washington,Independent,-0.6223915426080213,64.65197906614458
41.20454762130976,South Carolina,Democrat,-0.9304035557573708,63.52517806962641
44.492547609843314,Montana,Democrat,0.20734423343279806,67.6467524531754
54.42332292441279,New Mexico,Republican,0.46656165450020937,59.16968104636085
59.13926306180656,North Carolina,Republican,0.6499904763566267,60.15735052494676
50.29894532635808,California,Republican,-1.072079937877587,69.56916200127702
43.318136404268444,Iowa,Republican,0.9073632759498086,64.82434699433719
49.573343438096344,Vermont,Republican,0.35691227086534855,62.13756299925139
59.229947053827345,Hawaii,Democrat,-0.19754797189610548,62.49147201150759
58.90192940365523,Maryland,Republican,0.26717372089160407,54.03017455966563
49.3907876778394,Michigan,Republican,1.595017301621676,59.91636502766869
40.5505879689008,Wyoming,Other,0.36152627786184544,59.13678936076281
54.49842637870461,Texas,Democrat,-0.9332817688786222,58.854572789693364
46.982671921141446,Louisiana,Democrat,0.6167659313197353,69.11213612304633
49.30202551651746,North Dakota,Democrat,-0.5620718966849045,59.33631001995839
41.923280409537256,South Dakota,Republican,-0.20892641843076057,54.007740998268595
58.22360036894679,California,Democrat,2.367161516404272,50.70345445974929
46.94177056662738,Florida,Republican,-0.5980307134955669,59.83903796706423
49.73474217578769,Iowa,Republican,0.6356800296302255,55.33911887012504
40.63476390205324,Texas,Republican,-1.151335958267923,63.566080244818224
58.44582664780319,Mississippi,Democrat,1.582332158514372,53.55606770316256
49.64972533751279,New Jersey,Democrat,0.9177383521201673,58.52075235302302
59.2311171349138,Maryland,Other,-0.21015433825866367,66.54264637142592
41.451516542583704,South Carolina,Democrat,0.30517935634896165,52.96573997991902
49.97287452686578,Massachusetts,Democrat,-0.3292498706042753,61.65226614843254
54.681894797831774,Illinois,Republican,0.7966264782760312,55.47181813327731
56.19397898204625,Utah,Democrat,1.5259703069327,57.334685647813046
46.16813355125487,Tennessee,Republican,-0.09439347650899166,64.40245058996427
54.43107316736132,Colorado,Democrat,1.6350394196172315,56.983411650050776
49.4196190033108,Oregon,Republican,-0.8354646587952607,54.2703616925635
41.976880547590554,California,Republican,-0.6932686916293815,42.80243230626989
47.24223457276821,District of Columbia,Independent,-0.49675598098088763,61.600682067475226
49.97106255963445,West Virginia,Democrat,-0.024635899897804948,62.56378510777666
57.919517369009554,Illinois,Republican,-1.7374629034803124,63.687964373894054
48.88545835390687,West Virginia,Democrat,-1.0512564866658656,55.27556310286906
46.806281730532646,New York,Democrat,0.2479834923797833,68.0718230044745
40.32438810914755,Ohio,Democrat,-0.5734805035497721,53.484695956675
42.70129185169935,Maine,Republican,1.0616180370920534,64.15076106491023
57.631708616390824,Missouri,Republican,-0.14260350464105342,61.16157904033494
50.88956486899406,Kansas,Democrat,-1.3625401723711739,48.92226755850399
56.25079332385212,Utah,Democrat,-1.0770868822287858,62.17266781100998
47.710143215954304,Mississippi,Democrat,-0.17378219231470432,60.3312541922557
57.55677870940417,Alaska,Republican,0.009142938119942677,58.53769485298109
51.01436112076044,South Dakota,Republican,-1.2133625315076235,62.367807035924685
45.51921974401921,New Mexico,Democrat,0.2340639305094257,55.99475121323486
56.634900155477226,Maryland,Other,0.4418330299520118,60.49314836641487
50.331486533395946,West Virginia,Republican,-1.243567056231122,53.101600400987635
55.39523925166577,New Hampshire,Republican,0.9214151655971219,57.179900515861135
42.61907950043678,Ohio,Democrat,0.9967215376677961,60.233148304857544
53.902558237314224,South Carolina,Republican,-0.29060292450186864,46.688269704289375
56.57399859279394,Louisiana,Independent,-1.3628924029843745,55.741538430851804
56.63667329121381,North Carolina,Republican,0.7981160463851141,61.55540269829828
47.57051152642816,Massachusetts,Democrat,-0.7751067443457448,58.31251831457773
46.39740453567356,New Jersey,Republican,0.6468548125247681,56.47817757499573
53.700405322015285,Pennsylvania,Democrat,1.4143434351368729,55.62805315236662
43.6682938830927,Connecticut,Democrat,0.7099780276739353,65.99393639384944
54.87255530897528,Georgia,Republican,-1.1783874025740828,60.58627447210659
42.76449420489371,Hawaii,Democrat,0.11870059726952972,60.45633198218323
45.68068692460656,Kansas,Republican,-0.19876976578312577,67.06497789207917
45.989076532423496,Virginia,Republican,-0.4243917910447928,48.63605710668166
46.77480748388916,Rhode Island,Democrat,0.09321934415323,59.39358488291592
41.28928232006729,New York,Democrat,-0.48605029554738244,49.2341554870565
56.13314542453736,Tennessee,Republican,-0.3723633950029596,61.90930016879677
51.90122337080538,Oregon,Republican,-0.06839837151023874,57.38716583611313
48.99878062773496,Michigan,Democrat,1.4546064539585826,66.66658215584022
50.5192482797429,Georgia,Democrat,0.7143367764092275,70.34068050644956
42.02919341158122,Louisiana,Republican,0.09600158036829101,54.02321137139846
51.325990445911884,Nebraska,Democrat,-2.0999932105299743,70.23989305599348
43.78552224487066,Nebraska,Democrat,-1.0448250121064313,68.59185103355827
49.99614573083818,North Carolina,Democrat,1.5727916892380744,67.95936686199285
53.367080418393016,Illinois,Republican,-0.5421528367193846,62.33345595875798
56.76527422387153,Michigan,Democrat,-1.0467421004635207,52.82936687137776
57.33844436239451,North Carolina,Democrat,0.7145957931698631,63.111561012207034
55.29048408381641,Colorado,Democrat,1.7277330422882737,61.74613989715637
54.54163414426148,Hawaii,Democrat,0.8287374744180692,67.4547193165984
46.06705698184669,Maine,Republican,0.7398634887518177,64.67472864524852
48.72656683437526,New Mexico,Democrat,1.1918616136245113,59.98037498387174
44.28053086157888,Hawaii,Republican,-0.14237064656994644,53.980364926690825
55.90746393892914,South Dakota,Democrat,0.22941711062904868,54.004511060024626
44.13686495274305,Montana,Democrat,1.406967131189033,63.412695925495576
47.77498114388436,West Virginia,Democrat,0.5857419216393598,60.04945437383778
56.4956287201494,Arkansas,Democrat,0.7760023638077731,57.836358126740876
55.900445082224905,Iowa,Republican,-2.0598334351457037,66.62330420853648
59.86007686704397,Iowa,Other,1.331989107208704,51.87248613441887
53.253346513956785,Indiana,Republican,0.6135984241247572,64.01682145607144
46.67063636705279,Iowa,Democrat,-0.5877834295186037,61.04444676276481
59.50419475790113,Iowa,Republican,-0.4839077771967842,61.567618962229034
48.29002706333995,Florida,Independent,1.894997631124532,66.61301990279885
46.72716674860567,Florida,Democrat,0.5981459915653143,63.33193773389774
49.767929748632014,Mississippi,Democrat,-1.4750523946640437,61.96913502631289
50.44408250134438,Colorado,Democrat,-0.38891675795734126,74.09550886499433
40.85702121723443,West Virginia,Republican,1.0345770342859513,64.06796458246224
46.55628478620201,Wyoming,Republican,-0.669974252174607,51.86816692983918
51.225424907170236,Texas,Republican,-0.4914543207106789,63.568502168212355
48.26759939081967,Nebraska,Republican,-0.25373110085505585,58.98369691847724
52.04141925089061,Wisconsin,Democrat,0.6095656985810598,55.34043617863581
51.03417109698057,Indiana,Republican,0.33820600828576336,69.99531685730896
55.99358880426735,Hawaii,Other,-1.6257581985980045,58.44890762966186
46.00858100224286,District of Columbia,Democrat,-0.09299334277350824,60.76482490028448
52.04607843887061,West Virginia,Republican,-1.063770988599377,62.62348601612536
40.300900912843645,Texas,Democrat,0.9535604826685286,57.203339387393086
57.77104627806693,Georgia,Democrat,1.1678892038893338,59.08953226865908
57.80257966835052,Colorado,Independent,-0.17116020712458424,59.943855751964755
49.781473563052714,New Mexico,Democrat,-0.08747794885516035,55.95781851979873
43.18505700677633,Oklahoma,Republican,-0.21315407581252277,62.18037905343083
52.69115114584565,Georgia,Democrat,0.6175662831625812,63.36866450267401
43.95029304549098,Vermont,Democrat,-0.3685678806350473,54.43150282323317
44.799231882207096,Maine,Democrat,-1.039391286900022,63.36812323135872
51.400262410752475,Colorado,Democrat,0.030783449094524865,58.28952779381767
55.222612018696964,Nebraska,Democrat,-0.8484574087926616,56.311603657216494
40.695177894085646,Rhode Island,Republican,0.013148177338030746,59.09225538195823
50.70586717221886,New Jersey,Democrat,1.664869273896895,60.08534116456142
53.247875231318176,North Dakota,Democrat,-1.0421888617148984,59.80307593099841
47.260982976295054,Arkansas,Republican,-1.369815581275008,65.9039691581362
58.31334005109966,Delaware,Democrat,-0.9420792436225401,56.31873849084518
43.46619757357985,South Carolina,Independent,-1.05867413014519,61.88160477372018
45.73011954780668,Florida,Democrat,0.3875872344834233,45.68484862745501
55.832301415503025,Alabama,Democrat,-1.3957494700404833,60.174556248220085
42.430588216520846,Maryland,Republican,-0.03734966342538294,53.306383259002715
46.66654790285975,New Mexico,Democrat,-0.3404066764291516,59.339574921896215
51.92091793753207,Florida,Democrat,1.0037871026160423,56.61889078234503
45.31568353995681,Louisiana,Republican,-0.9852588655080858,56.559614924405714
57.66422491520643,New Jersey,Democrat,-1.1667171731730295,58.089687535749405
44.717826317064464,Montana,Other,-0.07450366392860026,57.25474786996067
41.21560917701572,New York,Republican,-0.9503778053590104,60.13673942826289
58.69711942970753,Idaho,Other,-0.9915543078220475,66.69280405369773
50.5097577907145,Illinois,Other,0.7304509693575948,59.938209013838964
57.23951774183661,Massachusetts,Republican,-0.1243913335224006,71.55128697454175
46.19710306636989,Wisconsin,Democrat,0.04158728902529592,69.98521339780936
44.446481675840914,Ohio,Democrat,-0.9655033156038303,58.93610334973172
53.44197644852102,District of Columbia,Republican,-0.21659225259258705,54.00046807206766
59.48835564777255,Wisconsin,Republican,1.9975794055550071,62.50980434395784
50.717208655551076,Rhode Island,Republican,-0.2234335889011632,58.52256579046925
59.88307185936719,Idaho,Democrat,0.3357101500016887,51.8444466217105
47.356344228610396,Alaska,Independent,-0.03335665448098215,62.61211523824591
59.31004477199167,Colorado,Republican,-0.6467429560100957,52.958545174528
49.24620449542999,Maine,Democrat,3.520072832597359,53.89612268541006
45.0369013287127,Montana,Republican,0.2449064262173805,56.14580147446792
52.87949598394334,Colorado,Republican,-0.2696263171171094,59.07460805540538
59.26208562683314,West Virginia,Republican,-0.2746367709722367,52.29458511472592
58.3702453924343,Utah,Republican,-1.4520594258950195,64.5170948937714
58.41742337215692,South Carolina,Democrat,0.10861176399961638,65.78758099496702
48.78827452659607,Louisiana,Republican,0.3039574578415628,61.409893303872714
58.41925342101604,Georgia,Republican,0.07638416996462417,65.97165032334625
57.280263379216194,Rhode Island,Republican,0.5852357067334873,67.78400101449047
41.61248729098588,South Dakota,Democrat,0.6454696323474769,58.46493826961102
51.47886880673468,Arkansas,Republican,-0.6627135988580234,59.478302662689146
47.41714186500758,Vermont,Republican,0.942971598863424,68.4487192087112
55.447151055559516,Delaware,Republican,-0.38332136316670845,66.79875287401063
48.2037313375622,Indiana,Republican,1.4037250721672627,62.98020769278957
43.86607498396188,Louisiana,Democrat,0.22485907164889124,61.42273012392764
55.18982464913279,Georgia,Democrat,-0.6955266491939149,67.80623205493067
52.47156464494765,Kentucky,Democrat,1.5834976296633172,52.87153384517849
59.71827774308622,Michigan,Republican,-0.2945625442194877,57.25441846834204
50.64531872514635,Wisconsin,Republican,1.3923301735353701,57.958719439383614
56.91742034628987,Maryland,Democrat,-0.5049331386848761,56.05932295747222
41.2810519291088,Michigan,Republican,-0.12293393868354373,61.08846458271838
54.2690843436867,Georgia,Democrat,-1.0393672698009633,64.69598044615033
59.75647060666233,Louisiana,Democrat,-0.511010251120202,58.07401017339906
53.59632155392319,Kentucky,Democrat,0.005325036319405559,61.61004114950392
58.659935533069074,Missouri,Democrat,-0.3661682994609167,61.332804354895366
43.08053592219949,Kentucky,Democrat,-0.3572225156414472,64.22158566193721
46.82523624505848,Utah,Democrat,-0.09999990041936004,60.560843492215724
48.073780755512416,Kansas,Democrat,0.796778087957815,57.76692283177542
58.37899088393897,Florida,Democrat,1.3600831884686062,57.436360907028664
41.50026586372405,Nevada,Republican,0.16898764843901448,47.71411297662792
58.436973206698895,Texas,Republican,0.3147553173355909,61.48275002034761
42.13714559562504,West Virginia,Republican,1.29636748603116,64.20652491880169
47.631604741327465,Louisiana,Democrat,-0.8287122268317016,55.47991220905958
58.3666835911572,Iowa,Democrat,-1.0476738887283856,58.086327677073484
55.48842922784388,Arkansas,Independent,2.3457591853916377,54.77390522078782
46.25399230513722,Connecticut,Republican,-0.014926388871538954,60.66397904472364
52.85194527357817,Missouri,Republican,-0.4703951674901781,60.03662854277365
59.527800059877336,South Carolina,Democrat,0.5981940746607338,60.797785068337554
50.765460105612874,Mississippi,Democrat,0.10638994703422355,62.35734170301884
44.591184495948255,Arkansas,Republican,0.308929740932146,62.70184946171147
55.382301677018404,South Dakota,Democrat,0.1275662437782232,55.17046265820075
42.88878141902387,Pennsylvania,Republican,1.232936866508824,61.95831879351313
43.325978559441864,California,Democrat,0.5357265133350823,59.53487812730183
50.28788899537176,Connecticut,Other,-0.22542416043160526,65.86107270469505
48.880650363862514,Maryland,Republican,0.7264248611249445,61.933913069799985
47.28790999390185,Rhode Island,Democrat,-1.079926120413639,56.872811967779526
55.48012500628829,Oklahoma,Democrat,0.8576219655086954,57.277445280153934
54.55474848859012,New York,Democrat,-0.4191085630635649,58.70054723197869
46.97008192073554,Ohio,Republican,-1.4149668584296138,56.861967706456404
53.19431691430509,Pennsylvania,Republican,1.7161992704908384,58.856839065335414
54.509572708047926,California,Republican,-1.7246091080370418,64.4095675165485
56.5978466020897,West Virginia,Democrat,-0.15013287336692538,59.91869281841509
53.354755602777004,Ohio,Independent,-1.3957303208035299,56.17617304527373
56.39704081695527,California,Republican,-0.14834562680845176,54.792833081046545
51.66246535256505,Nevada,Republican,0.3384639685186148,68.19882571528046
50.52893150597811,Connecticut,Democrat,-0.0519872199856252,57.97888143915269
55.85333503317088,Illinois,Democrat,0.8579534963312567,61.96919471774322
54.137826221995056,New Jersey,Democrat,-0.7917768570487199,58.67260625125037
49.80410777032375,Wyoming,Republican,1.3251042613940018,56.630143528662856
40.97827187739313,Nevada,Republican,0.08748197442016305,55.04350288039407
47.899591689929366,Virginia,Democrat,-0.6149170619381864,57.96990513886649
41.65623066946864,Texas,Independent,-0.9442593909636388,60.621711001064526
46.33301394991577,Rhode Island,Democrat,1.2310573488681646,56.98428046728783
55.673512308858335,California,Republican,-0.9498221921372472,53.00853772110611
50.69294633809477,Illinois,Democrat,-0.48027509068171287,54.53616758916253
57.11199203040451,Mississippi,Republican,-0.40412295815974264,63.946095606701135
53.19245470222086,Nebraska,Democrat,0.08295116927827519,62.11906961508083
52.35989971086383,Georgia,Republican,0.7453529784855012,61.15135688787473
45.21947216242552,Minnesota,Democrat,0.8712865714737811,63.0811217924227
58.22680471930653,Delaware,Republican,0.9530591995832237,60.40353221109312
42.243885388597846,Maine,Democrat,-0.40924462765728326,62.111052220983076
57.00361965224147,Ohio,Democrat,-1.0175466475017436,55.34327686413667
53.037034082226455,Nevada,Republican,-0.36131780993507323,62.1364144500674
56.18189422413707,Oregon,Democrat,-0.11505461979856972,55.54662755609681
54.37505641486496,Idaho,Republican,0.4807300032503377,58.43090524853702
57.521233265288174,Washington,Republican,1.9267093814767569,54.68157664466868
54.77181971538812,Virginia,Democrat,0.6550897683279457,49.13709068570981
51.36752367950976,Minnesota,Republican,-0.05371313691448864,47.68981841465991
42.61722718831152,District of Columbia,Republican,-1.2066084596546376,59.034599090309364
42.72622611839324,New Jersey,Democrat,-0.3065868248395513,58.98296949416677
40.64353934023529,Nevada,Republican,1.5067361189572999,64.85549298468648
48.35812677163631,Washington,Other,0.8276181242693013,61.599841341007235
58.651821156963706,Vermont,Democrat,1.2359452470680907,66.3705412484263
58.966623614542186,Alaska,Democrat,-0.03394713807089167,60.85507654537735
47.3519562324509,Illinois,Republican,0.3374207917245121,57.33175338502708
57.55174732301384,Wyoming,Republican,0.778842596698457,66.58314233259418
46.608302062377334,Alaska,Republican,-2.4420907684895004,54.78915593069304
41.28345598001033,Tennessee,Independent,-0.7617169324380109,59.01284312368124
57.89912925567478,Arkansas,Republican,-0.2553122361088833,59.80335796774716
58.00827863626182,Michigan,Republican,-0.49438975344279373,61.04599625860826
42.63579808641225,Utah,Republican,-0.39080659634798476,55.023973588893895
41.3475406775251,Mississippi,Democrat,1.1190873457807489,57.64020905931566
49.4084403058514,Iowa,Other,-0.4959131645545569,53.09557035529614
45.002457005903125,New Jersey,Independent,1.5771561692842193,65.76767905544448
53.970835050567985,California,Democrat,-0.19509191701900475,61.52043685579594
45.60253116302192,Wisconsin,Republican,1.357087619292587,57.61544719205175
55.882869833149016,Washington,Republican,2.186081693712646,61.188596585139344
51.314393556676805,New York,Democrat,-0.2973779610864151,54.7191141910863
41.13256372977048,Tennessee,Other,-1.4343869373241076,52.65006051597032
44.966060100123286,Oregon,Republican,-0.17702341205118002,63.26680753274633
42.35021454747766,New Hampshire,Republican,-0.9140294072689605,63.6256979318118
46.07833937741816,Delaware,Republican,-1.0138537848870315,62.819860269855646
45.96596509218216,Ohio,Republican,1.1579945688382947,57.57045245264046
55.29002659022808,Virginia,Independent,0.48938724313047394,60.76438628278982
40.558970985002816,New York,Independent,-0.11716956979129801,59.41068088436463
58.87654720339924,New Jersey,Republican,0.06607413796166992,61.719039822555324
43.798934910446405,Montana,Republican,0.3044520256010572,56.50667324660947
45.75029310770333,New Hampshire,Republican,-0.17396698258562818,55.81972480103377
42.00483800377697,Hawaii,Republican,-0.49193503949566625,56.67300582325872
59.91541345138103,Delaware,Republican,-0.08269488493747408,59.77335853209863
51.028375532478094,Connecticut,Democrat,-0.29026429253295816,52.38977912166013
41.61201831884682,Wyoming,Democrat,1.550579595401669,59.97049905906805
41.11637468915433,Virginia,Democrat,-0.4936883484422172,54.685664074745624
41.000762484036386,New Mexico,Republican,-0.58635472416133,58.30049572193105
42.823384436778724,Connecticut,Democrat,-0.9982925704969328,52.089588489696276
41.44964595325291,Oregon,Republican,1.0412448856631382,58.12210515610832
47.62172012589872,Colorado,Democrat,0.4172899149846525,56.93829214646288
59.627704694867134,Kentucky,Democrat,-2.154427158484905,68.16166673634655
52.56668670102954,West Virginia,Republican,-0.7076316632413546,58.868320080479286
57.562577980570495,Alaska,Democrat,0.12816921294875538,54.41961309861858
42.391188126057386,New Hampshire,Republican,0.22378187826659968,58.741495411991515
52.955763512291014,Arizona,Republican,0.6888331054809287,50.73826391464604
44.0379533264786,Ohio,Republican,0.2678218880377925,62.89326311296805
46.87609708402306,Montana,Republican,0.7449515730114348,64.3217633021895
53.25080449692905,Utah,Republican,0.530663416763473,61.23948678585778
54.15151098743081,Arkansas,Republican,-1.7131919425328772,58.14747095741056
45.73364121839404,Pennsylvania,Democrat,-1.3123423996506562,55.314248244931896
54.64757723733783,Alabama,Republican,-0.4514051131431769,58.473944413568454
51.4890443906188,Kansas,Democrat,-0.5983116766800484,72.20727606677062
59.977631638757885,South Dakota,Democrat,1.4704703596032667,67.13317198588199
40.71086496114731,South Carolina,Independent,0.5419667561872209,63.45612422691177
40.241194404661655,Kansas,Republican,0.7441221790874192,61.327896729373535
54.817947428673506,New Hampshire,Republican,-0.06416346489745144,53.165491443687436
48.14424050040543,Pennsylvania,Republican,0.3373417752390925,69.85124157895301
41.17601797450334,Virginia,Democrat,-0.031404172517756686,59.5982300034358
50.77112165745348,Massachusetts,Republican,-0.3481970863473291,58.88855133007469
55.16510486137122,Pennsylvania,Democrat,-0.6892794311985386,45.053824991204614
56.041164877824485,Illinois,Republican,-0.8339115842963651,58.32632002357398
55.19455986563116,Texas,Republican,0.5393527707167667,54.997274918304946
54.802632704377174,Minnesota,Democrat,-0.9746657188921551,62.66336082326697
51.59476178698242,North Carolina,Republican,0.10753052383035762,56.21298952077686
54.408912882208824,Washington,Republican,0.7306731633149255,59.58524847940152
41.1425128672272,Arkansas,Republican,-0.676339131321449,59.04223025942245
48.7363307736814,New Hampshire,Republican,1.0941839853385027,65.50407148123635
40.64065107610077,South Carolina,Independent,0.040533707697716935,63.29739803954946
55.44040753040463,Arizona,Republican,1.3749525936321985,58.5144233896909
46.52670028153807,New Mexico,Other,0.45703537125651494,60.386411327837756
57.42374495137483,North Dakota,Independent,0.5031531138034234,52.463095290800126
48.39955190196633,Missouri,Republican,1.041527089984337,58.30820736499083
43.372811218723655,District of Columbia,Democrat,1.357632250805758,66.34077611473069
56.12960665486753,Texas,Democrat,-0.4092067015245728,58.63102028876798
45.01484718173742,Kansas,Democrat,-0.01409469177862962,57.06329695034069
57.715907958336174,Arizona,Democrat,0.4460200286722339,61.235906256786684
51.95279143285006,New Hampshire,Democrat,-0.8078071654451381,64.81155825881092
42.5887651136145,Virginia,Democrat,1.3766765459708705,54.58439271112662
53.684404604136944,Kansas,Democrat,-0.6258297378561793,61.95793397634973
55.920197111554444,Mississippi,Democrat,-0.5667562206796781,59.39369777107548
56.5334052965045,California,Republican,-0.3566417616630199,58.32917429856634
45.35331395920366,Utah,Democrat,-0.0399491299650084,60.37311755550766
47.105182935483754,Kentucky,Democrat,1.7316556333571214,65.69089025576574
58.13451140187681,Louisiana,Democrat,0.560685964767176,63.32767014158064
40.46666963491589,New Jersey,Republican,-0.026324252030388216,58.814997608894494
48.72573856264353,Indiana,Republican,-2.04280260703919,64.9671318389369
56.03531619999558,Pennsylvania,Republican,-1.1884344190616423,54.157594209123886
54.85960522200912,Vermont,Democrat,-0.9613444660592667,61.11506754855139
56.535551361739635,Nebraska,Democrat,0.7494407409503112,60.49758620537329
51.26832666806877,Colorado,Republican,1.882072009206194,56.68188322983125
45.46061093453318,New Jersey,Democrat,-0.30922697700259,55.530447322563276
55.04496796056628,Missouri,Republican,1.039878325320002,60.87627080438002
57.96374525409192,South Dakota,Democrat,1.0506268028090955,58.749539691703156
44.99043507501483,Arkansas,Democrat,1.117104625218322,64.86755149071885
58.024498550221324,North Carolina,Republican,-0.2914234888356891,60.613664845335656
56.75418531987816,Missouri,Democrat,0.6693680119481945,66.75406175561213
46.67595993261784,Idaho,Democrat,-0.3364906663161525,61.8171295072878
40.531863709911704,Florida,Republican,1.8855537288197661,66.21542619379086
42.013524025678635,Montana,Democrat,0.6714274745365143,58.61190361369832
50.265570087358356,Alaska,Republican,1.3199019352549228,63.61658585531312
49.939330192282796,New Jersey,Republican,-0.10244033824806525,52.61289930688286
48.56232962105423,Virginia,Republican,-0.5287436726078083,57.05651950127256
52.30781311169267,Hawaii,Democrat,0.8481184424386238,54.85747404006225
41.14294869359583,California,Democrat,0.8524820292967593,61.76967743518853
59.62035225704312,Iowa,Democrat,-0.5791720277613729,59.38738543003494
58.28880117274821,Rhode Island,Republican,1.1049040677834576,60.19901869223016
57.10122206248343,New Jersey,Democrat,-0.6349952864071884,58.48591625119515
41.17850883863866,New Jersey,Democrat,0.7212337877513519,63.937748726819756
45.00737971626222,Georgia,Republican,0.9047890991479507,54.16905587145086
40.22077102679759,Alabama,Democrat,-0.21309086959873008,56.884679340424675
42.355287950485945,Maine,Democrat,-0.039804937037381125,67.85569700796182
58.708738521672785,Louisiana,Other,0.14993526888331854,67.41002737751428
50.83112543448806,Tennessee,Democrat,1.0032991940485803,57.274995780693224
57.85236535593867,Oklahoma,Democrat,-0.23042439232078848,59.4465359837736
48.07745717000216,Alabama,Republican,1.4600713612531546,60.251611029206074
47.673384277150035,Kansas,Democrat,-1.1140923147050408,66.9238959338341
53.752002362161875,Nevada,Republican,-0.1289648779890953,68.927095400699
56.95450669620186,Tennessee,Republican,-0.4799205948510021,54.072024611615305
50.9574420703575,Oklahoma,Independent,-0.2151681080398182,67.99689854505795
49.305746937170625,Utah,Republican,-1.3603943453511418,60.77630635494975
43.281541680917144,South Carolina,Republican,0.1277940059014391,50.74248282033169
54.29718281608075,New Jersey,Republican,0.4020477473078221,70.22612947851931
54.78898608125746,Florida,Democrat,1.6955781347162246,54.842259752782596
50.49148657824844,Indiana,Democrat,0.9008703312445809,52.74116509319658
